class,1679,1680,1681,1682,1683,2238,2237,1678,2239,1684,1685,2236,1686,1736,2192,1687,1688,1735,2235,2240,2311,1689,2193,1600,1677,1737,1601,2312,2191,2310,2313,2194,1738,2241,6782,2309,1602,1599,544,1676,2171,1594,182,class
0.0,0.091781,0.099012,0.088987,0.081152,0.068186,0.516356,0.545145,0.064807,0.496577,0.050075,0.04048,0.60681,0.03261,0.264329,0.160877,0.02303,0.005726,0.224044,0.607274,0.487439,0.177544,0.008684,0.146101,0.698264,0.055435,0.333623,0.703937,0.181683,0.170598,0.221417,0.186469,0.129272,0.438124,0.46678,0.429483,0.311431,0.617893,0.485652,0.276677,0.071586,0.050282,0.040171,0.331671,0
1.0,0.60151,0.618845,0.555484,0.459322,0.357542,0.097511,0.118901,0.492556,0.092358,0.27862,0.246083,0.155445,0.210343,0.481036,0.430215,0.180242,0.159381,0.522831,0.179834,0.093727,0.13927,0.188377,0.363321,0.999848,0.391215,0.511187,0.998658,0.137318,0.479319,0.172083,0.134467,0.30592,0.522714,0.091166,0.465805,0.198428,0.973034,0.995724,0.535082,0.240562,0.439059,0.332428,0.359103,1
1.0,0.653079,0.666825,0.605662,0.523937,0.442471,0.1704,0.184795,0.584887,0.170688,0.377729,0.358148,0.227137,0.33865,0.632815,0.476918,0.330667,0.330407,0.668111,0.266667,0.181578,0.376998,0.370074,0.434203,0.979285,0.634791,0.669934,0.939528,0.397415,0.458887,0.388045,0.426961,0.386089,0.689348,0.204417,0.68845,0.408208,0.872461,0.946697,0.505035,0.544779,0.437047,0.418785,0.571073,1
1.0,0.913814,0.965372,0.93641,0.864562,0.781429,0.278133,0.302318,0.769517,0.276512,0.726921,0.7080040000000001,0.35897,0.6202915,0.905471,0.846225,0.6170925,0.574536,0.842912,0.391252,0.315851,0.7131375000000001,0.6237474999999999,0.8163285,1.0,0.694643,0.907107,1.0,0.67466,0.7904905,0.7606195,0.6896655,0.7757175000000001,0.842863,0.348056,0.289007,0.815469,1.0,0.998312,0.786706,0.653614,0.622888,0.9469235,0.32419,1
0.0,0.116201,0.175601,0.174614,0.150757,0.133807,0.644889,0.668828,0.052327,0.667826,0.116939,0.102859,0.749337,0.089064,0.232581,0.303767,0.094788,0.10231,0.14685,0.735912,0.702659,0.26293,0.122245,0.345817,0.574228,0.029428,0.26508,0.574841,0.312415,0.251495,0.238563,0.370919,0.352002,0.274525,0.760664,0.157953,0.241941,0.475344,0.394839,0.266079,0.044478,0.419348,0.250728,0.239402,0
0.0,0.322143,0.308429,0.274242,0.236378,0.195645,0.673778,0.708705,0.315151,0.663899,0.159723,0.14048,0.772863,0.120568,0.24878,0.257835,0.109576,0.093529,0.295208,0.767772,0.672984,0.282772,0.10187,0.251202,0.718522,0.435824,0.236382,0.634694,0.295514,0.239535,0.304107,0.31555,0.257939,0.223027,0.68573,0.255623,0.357782,0.507441,0.631344,0.439906,0.48253,0.259453,0.44052,0.269326,0
0.0,0.249104,0.265935,0.241985,0.212905,0.179758,0.225244,0.246555,0.171118,0.205813,0.151933,0.132876,0.28437,0.103198,0.162254,0.208044,0.073939,0.042756,0.193392,0.271363,0.176142,0.004138,0.023046,0.16392,0.956336,0.066136,0.164124,0.962953,0.0,0.206312,0.009119,0.0,0.106231,0.191012,0.135523,0.187386,0.003638,0.942251,0.911287,0.12701,0.016165,0.177393,0.236561,0.0399,0
1.0,0.591891,0.607704,0.546356,0.474584,0.401454,0.277244,0.288621,0.501032,0.284929,0.334111,0.292853,0.338523,0.254165,0.481491,0.461247,0.237455,0.214354,0.496326,0.371363,0.308359,0.42082,0.220107,0.437594,0.98619,0.572575,0.495059,0.931789,0.456941,0.422342,0.416257,0.488219,0.415602,0.493342,0.338618,0.596707,0.427199,0.777316,0.917551,0.842537,0.564257,0.372888,0.644285,0.685785,1
1.0,0.939199,0.942334,0.862431,0.775634,0.687323,0.0,0.0,0.789003,0.0,0.613023,0.572899,0.0,0.527675,0.543231,0.590011,0.520485,0.431762,0.659695,0.0,0.0,0.35048,0.465932,0.476859,1.0,0.455547,0.458139,1.0,0.329688,0.596844,0.40597,0.306463,0.40378,0.435285,0.0,0.33151,0.454704,1.0,1.0,0.393901,0.186747,0.598954,0.441296,0.201995,1
0.0,0.114575,0.185595,0.191499,0.165467,0.140978,0.635022,0.62117,0.051295,0.671305,0.123438,0.114465,0.659766,0.101145,0.280203,0.214142,0.106545,0.124642,0.157779,0.61151,0.694138,0.273274,0.156313,0.278956,0.686485,0.027126,0.355127,0.740571,0.30471,0.17691,0.284389,0.33238,0.305661,0.414921,0.707437,0.284397,0.349851,0.657494,0.40883,0.24931,0.043976,0.315366,0.218513,0.162095,0
1.0,0.858856,0.874535,0.782376,0.677421,0.590027,0.2056,0.240314,0.706087,0.20514,0.494501,0.438536,0.301223,0.392025,0.83625,0.781921,0.373455,0.320099,0.840085,0.36639,0.227707,0.365996,0.370074,0.673342,1.0,0.496796,0.841252,1.0,0.358643,0.768356,0.395838,0.357455,0.59087,0.918935,0.234994,0.734853,0.441607,0.991181,1.0,0.648327,0.318373,0.785298,0.543179,0.408978,1
1.0,0.753487,0.8202,0.718674,0.559943,0.435629,0.309778,0.342438,0.590485,0.313096,0.348067,0.300515,0.415177,0.256771,0.669898,0.610931,0.237091,0.216454,0.594875,0.445948,0.36154,0.496709,0.229459,0.623827,1.0,0.728738,0.678552,0.998762,0.526656,0.475747,0.490842,0.5621,0.590007,0.655179,0.406946,0.613019,0.512988,0.950053,0.956,0.914853,0.730321,0.560941,0.783427,0.546135,1
0.0,0.125682,0.194553,0.189959,0.157576,0.132228,0.455733,0.474064,0.055079,0.47144,0.114023,0.105203,0.538883,0.094433,0.356711,0.23128,0.105939,0.116053,0.208655,0.52081,0.480829,0.140211,0.157649,0.287944,0.693491,0.026566,0.490474,0.757494,0.177085,0.215947,0.129374,0.208516,0.300828,0.613863,0.48943,0.312918,0.128938,0.68692,0.443528,0.242163,0.042771,0.304907,0.136425,0.102244,0
0.0,0.167025,0.174034,0.149273,0.122788,0.094073,0.475822,0.489626,0.115257,0.481427,0.072363,0.067353,0.536487,0.067114,0.246828,0.182183,0.072364,0.071388,0.27649,0.541068,0.505215,0.178954,0.107214,0.174959,0.546964,0.070366,0.227212,0.444508,0.222319,0.172924,0.16577,0.269438,0.177252,0.230762,0.539071,0.341692,0.175435,0.336019,0.450805,0.303395,0.06998,0.182824,0.314186,0.246883,0
0.0,0.270492,0.265879,0.218912,0.174056,0.140978,0.555733,0.569379,0.254379,0.543822,0.110273,0.094168,0.617076,0.079353,0.252879,0.209279,0.072727,0.066425,0.237359,0.606446,0.531512,0.189769,0.073814,0.213514,0.606976,0.360418,0.259072,0.575512,0.211507,0.180066,0.209181,0.250421,0.204349,0.272175,0.533786,0.22381,0.255985,0.427602,0.395739,0.441002,0.378012,0.089099,0.281972,0.468828,0
0.0,0.121162,0.139182,0.119872,0.096878,0.080093,0.591556,0.607554,0.063962,0.599372,0.065489,0.057176,0.665326,0.047059,0.242405,0.177011,0.041333,0.036839,0.241819,0.663444,0.607904,0.07824,0.0501,0.180714,0.602508,0.022584,0.217488,0.544451,0.113086,0.167857,0.069129,0.148603,0.176821,0.231839,0.596829,0.245441,0.072546,0.478355,0.526876,0.271358,0.037349,0.109815,0.226858,0.25187,0
0.0,0.118571,0.13098,0.102036,0.078251,0.066015,0.525067,0.558843,0.0781,0.513747,0.051616,0.042196,0.621696,0.033004,0.279162,0.190212,0.029333,0.02615,0.228692,0.612247,0.506831,0.243652,0.028056,0.185603,0.641298,0.059416,0.3624,0.646509,0.22381,0.187791,0.304029,0.21104,0.160856,0.492461,0.491695,0.308764,0.429237,0.562773,0.415469,0.292553,0.070181,0.023934,0.032602,0.336658,0
0.0,0.163745,0.194133,0.181727,0.152237,0.122393,0.651289,0.696466,0.083385,0.646953,0.1004,0.093596,0.807169,0.075168,0.314683,0.271499,0.060848,0.049819,0.250801,0.826519,0.652123,0.159677,0.069138,0.295356,0.596669,0.028744,0.328484,0.535628,0.183422,0.217691,0.150807,0.220633,0.269676,0.330918,0.657418,0.194174,0.159063,0.384821,0.422559,0.286787,0.020181,0.244368,0.310887,0.316707,0
0.0,0.050438,0.042298,0.038809,0.035687,0.026742,0.412711,0.436862,0.049356,0.413197,0.017039,0.017667,0.497904,0.015713,0.276234,0.127142,0.014303,0.015461,0.279882,0.51326,0.426326,0.081061,0.049766,0.082946,0.365556,0.027562,0.309985,0.265982,0.129241,0.165282,0.067259,0.163245,0.055143,0.355786,0.435825,0.389919,0.070072,0.158872,0.311452,0.391262,0.018072,0.134352,0.175432,0.249377,0
1.0,0.885728,0.955519,0.941506,0.893547,0.862904,0.335733,0.350219,0.667084,0.345977,0.787995,0.7080040000000001,0.406878,0.6202915,0.527617,0.846225,0.607152,0.556595,0.498524,0.443831,0.370207,0.7131375000000001,0.584502,0.8163285,1.0,0.398059,0.566843,1.0,0.67466,0.7904905,0.7606195,0.6896655,0.7757175000000001,0.583023,0.407135,0.646403,0.815469,0.989485,0.996999,1.0,0.201606,0.474658,0.822434,0.528679,1
1.0,0.938785,0.966604,0.927449,0.865752,0.784685,0.082667,0.088507,0.749218,0.078891,0.706882,0.679989,0.102318,0.6202915,0.521176,0.715918,0.6170925,0.574536,0.545694,0.114365,0.079477,0.510062,0.6237474999999999,0.673263,1.0,0.435202,0.510001,1.0,0.493849,0.654236,0.539631,0.468697,0.652917,0.489035,0.074179,0.455522,0.568653,0.99788,0.997149,0.571666,0.222691,0.58568,0.564914,0.241896,1
0.0,0.222535,0.227025,0.200207,0.16393,0.132195,0.731022,0.751337,0.220756,0.727864,0.107982,0.092624,0.807084,0.076194,0.197385,0.200479,0.072727,0.066425,0.182275,0.784346,0.720729,0.213184,0.074148,0.199716,0.595045,0.338145,0.199225,0.552655,0.228905,0.186462,0.229055,0.255806,0.18243,0.198257,0.701019,0.394529,0.280506,0.380326,0.37432,0.562612,0.373494,0.086887,0.290316,0.40399,0
0.0,0.253376,0.28693,0.26769,0.221697,0.169857,0.6728,0.706435,0.193576,0.654135,0.127937,0.10829,0.786038,0.087248,0.178063,0.319438,0.073697,0.054972,0.166384,0.778453,0.631997,0.221554,0.04342,0.328787,0.857128,0.179805,0.167444,0.82648,0.231266,0.270681,0.233341,0.241501,0.306783,0.134521,0.623632,0.33997,0.25875,0.637651,0.604599,0.462482,0.169177,0.09292,0.396856,0.438902,0
0.0,0.085717,0.092853,0.087671,0.072767,0.052858,0.400622,0.433944,0.068748,0.396476,0.037994,0.040137,0.4926,0.036005,0.279943,0.199089,0.031273,0.037984,0.297029,0.504972,0.419568,0.101561,0.130929,0.163841,0.535286,0.0466,0.291802,0.434137,0.149372,0.215532,0.08495,0.200774,0.126424,0.316135,0.43658,0.280496,0.085134,0.327751,0.474436,0.278585,0.039759,0.242759,0.209004,0.179551,0
0.0,0.254093,0.271478,0.233416,0.185719,0.153115,0.568178,0.601475,0.152415,0.566266,0.126104,0.115266,0.702028,0.10225,0.401145,0.373939,0.108606,0.117389,0.369575,0.755709,0.589687,0.197104,0.157315,0.359221,0.816613,0.080259,0.376393,0.767195,0.222816,0.328738,0.196711,0.262201,0.322057,0.353339,0.610608,0.396403,0.210798,0.617766,0.699126,0.360322,0.067369,0.363033,0.410052,0.13965,0
0.0,0.109669,0.096129,0.054406,0.034904,0.032991,0.577422,0.610229,0.072219,0.583436,0.026287,0.021326,0.704423,0.017213,0.411359,0.188282,0.018545,0.018133,0.391998,0.746777,0.598355,0.135979,0.026052,0.170701,0.516653,0.03565,0.385564,0.40354,0.179322,0.179817,0.132959,0.237294,0.193562,0.388291,0.593998,0.210892,0.147857,0.256689,0.428186,0.148733,0.037952,0.246179,0.191151,0.17207,0
0.0,0.341602,0.302046,0.238037,0.185545,0.134202,0.319467,0.368374,0.296728,0.30367,0.095526,0.085363,0.441783,0.071694,0.264199,0.304925,0.051515,0.033594,0.385403,0.478085,0.324225,0.174911,0.051102,0.228731,0.859007,0.200087,0.214641,0.72375,0.194358,0.379651,0.201777,0.222989,0.180014,0.177697,0.376368,0.048227,0.25744,0.548611,0.853595,0.417736,0.112952,0.22144,0.310887,0.304239,0
1.0,0.753101,0.780729,0.729482,0.662334,0.575324,0.174489,0.195818,0.638684,0.168668,0.493418,0.447055,0.239541,0.397473,0.583697,0.551335,0.33903,0.327162,0.643364,0.273297,0.173645,0.445364,0.358717,0.484113,1.0,0.562061,0.611827,0.998504,0.450106,0.588538,0.464344,0.447492,0.4301,0.627864,0.192525,0.686069,0.502438,0.941955,0.994448,0.695469,0.27741,0.377514,0.490394,0.568579,1
0.0,0.221597,0.182795,0.137233,0.103929,0.074798,0.416889,0.474469,0.216971,0.404444,0.051116,0.043968,0.569852,0.038768,0.28853,0.208044,0.03697,0.032067,0.406947,0.653131,0.417071,0.187042,0.04175,0.12773,0.717557,0.252909,0.205471,0.473505,0.196968,0.255814,0.221729,0.203972,0.069727,0.165851,0.430729,0.42077,0.304955,0.286708,0.688736,0.415421,0.268072,0.23572,0.298661,0.381546,0
0.0,0.306984,0.302074,0.259205,0.224308,0.177192,0.332622,0.368941,0.217472,0.314892,0.129812,0.107604,0.425528,0.092223,0.364843,0.312876,0.072727,0.047337,0.402299,0.460221,0.293962,0.05473,0.057114,0.266104,0.932474,0.104772,0.377342,0.913059,0.070958,0.342525,0.062427,0.074891,0.266569,0.417075,0.286901,0.141844,0.072837,0.860589,0.915413,0.217232,0.048896,0.195696,0.155249,0.057356,0
0.0,0.512348,0.479131,0.409683,0.366042,0.3035,0.420089,0.472119,0.430033,0.413422,0.243376,0.223556,0.568227,0.207422,0.436666,0.480006,0.208485,0.161863,0.525281,0.621087,0.414573,0.365902,0.211423,0.433178,0.958266,0.271573,0.36833,0.90145,0.359389,0.458306,0.410724,0.347863,0.378064,0.302722,0.424877,0.275127,0.478935,0.799237,0.935857,0.359713,0.122088,0.273532,0.487483,0.169576,0
0.0,0.245687,0.292725,0.271022,0.224163,0.17364,0.506933,0.533312,0.141311,0.51846,0.133478,0.114523,0.601591,0.091986,0.252684,0.384051,0.072,0.049437,0.273915,0.616114,0.515646,0.107109,0.067468,0.353623,0.997766,0.058856,0.217962,0.982199,0.131353,0.369518,0.09781,0.148771,0.30825,0.207754,0.50755,0.059473,0.090446,0.896841,0.931205,0.338436,0.042169,0.146621,0.266835,0.164589,0
0.0,0.261976,0.28875,0.277434,0.246794,0.208177,0.735822,0.729373,0.220068,0.757491,0.172638,0.15283,0.762084,0.133991,0.277471,0.225645,0.132121,0.125024,0.243766,0.721639,0.749082,0.341452,0.139947,0.234093,0.544273,0.302868,0.330619,0.561168,0.349323,0.209385,0.372769,0.357792,0.244563,0.408067,0.723481,0.280952,0.452958,0.49718,0.315953,0.412254,0.334036,0.092518,0.124394,0.35162,0
0.0,0.23254,0.253618,0.225968,0.190826,0.158476,0.417333,0.451694,0.162267,0.409382,0.133478,0.116695,0.52759,0.087959,0.332314,0.319052,0.078303,0.076732,0.337479,0.550829,0.40473,0.077299,0.121577,0.27052,0.879722,0.097804,0.327061,0.833239,0.106002,0.296761,0.072403,0.136991,0.205903,0.353143,0.388071,0.170061,0.071091,0.699724,0.785513,0.273469,0.020984,0.33387,0.198913,0.097256,0
1.0,0.640483,0.672508,0.619102,0.544711,0.481646,0.263556,0.274518,0.479545,0.263943,0.422096,0.377759,0.316965,0.340861,0.566586,0.507334,0.33697,0.330979,0.52817,0.347238,0.268841,0.585951,0.320975,0.53142,0.985276,0.499347,0.61578,0.981116,0.61961,0.442276,0.566674,0.636318,0.545737,0.657333,0.280861,0.453799,0.558757,0.948866,0.936382,0.597856,0.494277,0.283789,0.545119,0.528679,1
0.0,0.047765,0.029589,0.017977,0.013869,0.007861,0.412444,0.441076,0.048699,0.408259,0.0,0.0,0.518094,0.00079,0.281374,0.066003,0.0,0.003818,0.303247,0.548343,0.41472,0.09479,0.027722,0.040606,0.2918610000000001,0.028619,0.280022,0.17666649999999995,0.138561,0.089037,0.084171,0.190845,0.023731,0.313589,0.425632,0.409017,0.086371,0.0,0.201095,0.197661,0.021586,0.063154,0.118766,0.234413,0
0.0,0.213577,0.239426,0.208047,0.169181,0.141504,0.5728,0.60415,0.127831,0.588598,0.11773,0.105489,0.680298,0.09775,0.428339,0.26432,0.100727,0.092002,0.435714,0.718969,0.610842,0.16372,0.114896,0.238902,0.812652,0.069806,0.404854,0.698519,0.201193,0.264203,0.153534,0.235443,0.237832,0.405326,0.62986,0.341945,0.151059,0.575366,0.728272,0.350252,0.078012,0.313958,0.379779,0.269326,0
1.0,0.4532,0.518098,0.496178,0.44351,0.375962,0.250844,0.275004,0.32516,0.23297,0.302575,0.256718,0.321927,0.224556,0.367315,0.390381,0.207636,0.178469,0.357641,0.344567,0.232261,0.344179,0.172679,0.387763,0.996548,0.234804,0.413867,0.987307,0.352429,0.337043,0.349232,0.357287,0.372972,0.4626,0.226123,0.8072185000000001,0.356181,0.883528,0.890581,0.74935,0.144478,0.28922,0.505919,0.705736,1
1.0,0.519982,0.570417,0.552936,0.514681,0.456549,0.087911,0.100421,0.376517,0.069801,0.382478,0.338479,0.121995,0.294749,0.242144,0.379497,0.290424,0.208055,0.277558,0.126151,0.059204,0.186477,0.231129,0.345423,0.966643,0.20438,0.249111,0.949487,0.192743,0.366944,0.200686,0.187816,0.317052,0.253965,0.058701,0.26844,0.210434,0.904261,0.906035,0.322072,0.071084,0.044248,0.218708,0.301745,1
1.0,0.523262,0.629762,0.570829,0.463964,0.3657,0.334489,0.36108,0.286876,0.337336,0.294159,0.250886,0.448199,0.22195,0.714202,0.600587,0.217697,0.214545,0.595754,0.523665,0.369032,0.349445,0.259519,0.593629,1.0,0.217819,0.75674,0.994737,0.388219,0.50407,0.352116,0.422753,0.540904,0.807911,0.408834,0.55998,0.393364,0.949714,0.972692,0.58738,0.226104,0.518705,0.487289,0.516209,1
0.0,0.034287,0.02525,0.018565,0.015697,0.010591,0.403911,0.420571,0.027618,0.408372,0.004708,0.008348,0.457439,0.005448,0.249821,0.084993,0.005818,0.003627,0.25369,0.45663,0.412517,0.093474,0.01002,0.060238,0.2918610000000001,0.005848,0.270219,0.17666649999999995,0.133839,0.107226,0.086977,0.18344,0.052382,0.325827,0.423934,0.200861,0.096194,0.075302,0.170599,0.233433,0.015462,0.037208,0.050844,0.284289,0
0.0,0.156717,0.219103,0.229748,0.217055,0.196171,0.697422,0.689739,0.080758,0.711144,0.169638,0.149686,0.726923,0.12728,0.292954,0.23622,0.121212,0.126933,0.226619,0.679742,0.695167,0.136261,0.189045,0.262714,0.883936,0.045729,0.385722,0.889273,0.15919,0.197757,0.12462,0.169808,0.281239,0.509399,0.660438,0.400963,0.119479,0.847361,0.722308,0.381598,0.053514,0.278359,0.217543,0.157108,0
0.0,0.160934,0.144333,0.132753,0.117942,0.094435,0.521156,0.571,0.168147,0.511503,0.075612,0.071698,0.657969,0.063482,0.159977,0.153157,0.050545,0.040847,0.232963,0.67081,0.521816,0.163062,0.06012,0.10928,0.718268,0.185155,0.145545,0.660337,0.174475,0.210133,0.18884,0.188657,0.093718,0.146368,0.530578,0.185309,0.247035,0.555904,0.654151,0.288127,0.182129,0.175382,0.11178,0.241896,0
1.0,0.775977,0.82633,0.799457,0.738641,0.660878,0.206222,0.220538,0.671056,0.202222,0.569697,0.49737,0.267174,0.438452,0.743348,0.477536,0.436606,0.443787,0.601093,0.280939,0.2114,0.308351,0.48497,0.503036,0.997969,0.852548,0.874615,0.996543,0.345843,0.390532,0.287507,0.350724,0.49301,0.994419,0.235183,0.68156,0.292876,0.985075,0.93777,0.618321,0.7362945000000001,0.682019,0.392393,0.42394,1
1.0,0.771099,0.828458,0.769972,0.692741,0.609466,0.392889,0.417815,0.58326,0.39412,0.533869,0.501487,0.488066,0.472325,0.593976,0.586305,0.495273,0.491124,0.576785,0.531584,0.417218,0.705661,0.569138,0.604825,1.0,0.588502,0.625504,0.998091,0.67466,0.483306,0.674538,0.6896655,0.603901,0.652634,0.45319,0.803343,0.675326,0.964511,0.984921,0.747198,0.538755,0.401046,0.620027,0.620948,1
0.0,0.306626,0.348739,0.328088,0.291389,0.254589,0.529778,0.556573,0.208933,0.51846,0.222296,0.211206,0.609804,0.206317,0.177737,0.334568,0.240242,0.271044,0.214811,0.616943,0.490084,0.221836,0.214429,0.330521,0.993857,0.106701,0.160329,0.988236,0.218964,0.309884,0.245032,0.218613,0.31127,0.190327,0.46678,0.265653,0.289311,0.919059,0.907273,0.369458,0.074096,0.095334,0.181836,0.261845,0
0.0,0.308693,0.31817,0.273962,0.227064,0.190316,0.7512,0.783676,0.263168,0.748513,0.15714,0.134763,0.874925,0.115357,0.29406,0.276517,0.108606,0.082649,0.262107,0.880755,0.7482,0.238104,0.06847,0.27391,0.818897,0.337647,0.305083,0.774831,0.257612,0.237957,0.257345,0.282397,0.26001,0.317212,0.727067,0.311398,0.310704,0.631969,0.606549,0.37904,0.358233,0.12671,0.298273,0.326683,0
0.0,0.079681,0.109453,0.107188,0.093309,0.077133,0.4424,0.469201,0.040723,0.439569,0.059615,0.053859,0.533664,0.051244,0.358532,0.161572,0.06097,0.069288,0.268388,0.530663,0.451594,0.126857,0.108216,0.175984,0.586007,0.022896,0.423195,0.600485,0.167019,0.147342,0.113008,0.209189,0.169917,0.498238,0.483201,0.547112,0.106236,0.472716,0.342473,0.246914,0.036747,0.320595,0.135067,0.206983,0
1.0,0.9142,0.920359,0.850951,0.757007,0.646076,0.0984,0.117604,0.789378,0.098193,0.55724,0.524986,0.156386,0.479432,0.421118,0.838891,0.425455,0.391869,0.538848,0.175783,0.108712,0.4101,0.372077,0.714342,1.0,0.512412,0.338683,1.0,0.381136,0.7904905,0.470345,0.352912,0.622109,0.262483,0.113439,0.523911,0.530379,0.993937,1.0,0.641668,0.201908,0.410298,0.748108,0.346633,1
0.0,0.123395,0.121014,0.10996,0.095979,0.081606,0.587022,0.606824,0.113349,0.573561,0.067072,0.065752,0.664813,0.055349,0.115607,0.132623,0.046182,0.039893,0.159977,0.660958,0.548112,0.066297,0.062792,0.106915,0.612866,0.137995,0.07218,0.535266,0.095812,0.141279,0.068506,0.128576,0.09622,0.055316,0.532276,0.179939,0.085425,0.425228,0.464121,0.090872,0.176104,0.095535,0.084029,0.234413,0
0.0,0.214624,0.179436,0.144877,0.121308,0.088053,0.318489,0.351272,0.203928,0.304006,0.062573,0.060034,0.405766,0.05456,0.357231,0.256832,0.043879,0.03703,0.456818,0.450184,0.308359,0.077299,0.07014,0.194828,0.662063,0.145399,0.362875,0.543367,0.113458,0.341694,0.071623,0.137664,0.154815,0.389955,0.337863,0.21231,0.076548,0.456943,0.696013,0.296898,0.075602,0.235117,0.120318,0.219451,0
0.0,0.382945,0.461495,0.441128,0.400917,0.357049,0.529511,0.530718,0.212436,0.533947,0.306324,0.263065,0.566002,0.226293,0.232451,0.43832,0.203879,0.17217,0.248728,0.537937,0.527104,0.209705,0.163995,0.456359,0.929935,0.084801,0.236224,0.920541,0.241829,0.366777,0.20279,0.252104,0.475492,0.240161,0.499245,0.27847,0.199956,0.882171,0.863386,0.343308,0.056124,0.1428,0.31535,0.114714,0
1.0,0.655835,0.777118,0.759247,0.675767,0.60098,0.312533,0.336764,0.433911,0.313769,0.549283,0.510406,0.405167,0.451086,0.676339,0.598039,0.451151,0.463829,0.555242,0.427993,0.313354,0.400696,0.517034,0.634393,0.999645,0.326261,0.736659,1.0,0.406984,0.487874,0.415244,0.418883,0.601398,0.778931,0.321065,0.8072185000000001,0.429528,0.994446,0.967553,0.607114,0.250904,0.584272,0.521638,0.42394,1
0.0,0.341519,0.332391,0.283706,0.224163,0.168311,0.633689,0.683822,0.317465,0.610818,0.131395,0.119268,0.771067,0.103829,0.288791,0.236915,0.089818,0.071769,0.356071,0.782136,0.613927,0.216475,0.079158,0.218876,0.733956,0.454489,0.236303,0.61034,0.238847,0.231728,0.2296,0.269101,0.206248,0.197964,0.634579,0.232067,0.270611,0.479245,0.684909,0.384522,0.538655,0.157281,0.398021,0.399003,0
0.0,0.137175,0.155614,0.135525,0.108513,0.08312,0.482933,0.521559,0.080101,0.469981,0.058407,0.045512,0.610916,0.033715,0.419361,0.292728,0.021697,0.0,0.367942,0.649816,0.450566,0.071281,0.0,0.258929,0.730453,0.022398,0.467705,0.653578,0.09954,0.302326,0.067649,0.126893,0.208492,0.531036,0.43507,0.218186,0.071309,0.538054,0.619378,0.258852,0.0,0.142599,0.150786,0.197008,0
1.0,0.3198,0.354953,0.335732,0.305606,0.285179,0.290222,0.322338,0.233173,0.280552,0.284786,0.287364,0.388057,0.263798,0.378895,0.333411,0.265697,0.257492,0.338609,0.418324,0.275892,0.250329,0.302605,0.307419,0.909119,0.189261,0.432841,0.887106,0.284454,0.320183,0.240199,0.306967,0.282188,0.509301,0.259343,0.261601,0.23481,0.701972,0.689636,0.325118,0.191365,0.079847,0.173297,0.645886,1
0.0,0.427485,0.434622,0.371265,0.305518,0.245214,0.221156,0.267061,0.310928,0.202222,0.194343,0.166609,0.320643,0.142045,0.425867,0.376177,0.132242,0.118725,0.491426,0.3593,0.207727,0.051627,0.126921,0.28621,0.978067,0.156536,0.416476,0.952531,0.055797,0.403571,0.064765,0.05621,0.22437,0.447425,0.208381,0.110689,0.075675,0.886072,0.958063,0.172446,0.047088,0.393805,0.232292,0.027431,0
1.0,0.833719,0.852448,0.78876,0.681802,0.594632,0.218044,0.236586,0.729388,0.231736,0.520205,0.448999,0.280691,0.395105,0.774901,0.723946,0.378182,0.352739,0.799887,0.317403,0.292787,0.7131375000000001,0.401804,0.700307,0.999848,0.699496,0.735473,0.997111,0.67466,0.658721,0.7606195,0.6896655,0.685623,0.717838,0.361268,0.261499,0.815469,0.963875,0.967178,0.970887,0.726205,0.704143,0.91209,0.521196,1
0.0,0.168541,0.198696,0.177358,0.141067,0.104664,0.507733,0.546037,0.094082,0.490517,0.075821,0.066953,0.616734,0.055113,0.367901,0.287324,0.042909,0.040657,0.316563,0.627993,0.454679,0.0,0.110889,0.251991,0.95131,0.033597,0.430469,0.942108,0.018889,0.279153,0.0,0.026422,0.204953,0.51263,0.411287,0.17305,0.002037,0.865296,0.842755,0.202777,0.018173,0.180008,0.135067,0.132169,0
0.0,0.284246,0.306301,0.253773,0.20011,0.158937,0.521689,0.555844,0.168304,0.527999,0.123271,0.103259,0.649243,0.085748,0.270249,0.446271,0.071636,0.056881,0.322844,0.7,0.535478,0.124882,0.077822,0.36545,0.919273,0.069309,0.201992,0.898818,0.148503,0.451495,0.131245,0.172837,0.287453,0.188271,0.528501,0.254306,0.143055,0.79169,0.845943,0.462807,0.042771,0.191673,0.357268,0.157108,0
1.0,0.80409,0.854212,0.77854,0.657372,0.55674,0.319289,0.351678,0.684505,0.315341,0.468964,0.401372,0.427496,0.362337,0.9073564999999999,0.693531,0.357212,0.334033,0.889077,0.480755,0.361687,0.46041,0.373748,0.66806,1.0,0.891807,0.9337895,1.0,0.465391,0.556561,0.467929,0.48031,0.593718,1.0,0.402605,0.677305,0.498654,0.996693,0.993586,0.651981,0.7362945000000001,0.785298,0.636911,0.289277,1
0.0,0.190315,0.2441,0.249405,0.216532,0.175449,0.561156,0.573837,0.113975,0.560319,0.135727,0.112693,0.633416,0.094512,0.370893,0.307704,0.087758,0.086276,0.267948,0.627901,0.54444,0.085951,0.135939,0.328944,0.929681,0.05195,0.484228,0.93927,0.120045,0.293605,0.077858,0.149781,0.317138,0.595751,0.515855,0.28075,0.081933,0.88145,0.699801,0.226328,0.026807,0.278359,0.146517,0.132169,0
0.0,0.148118,0.154606,0.141153,0.123774,0.101868,0.493867,0.517669,0.110565,0.478061,0.079445,0.063122,0.57738,0.049743,0.175981,0.292728,0.036727,0.015079,0.206897,0.594291,0.472602,0.034606,0.010354,0.253252,0.826919,0.051888,0.168946,0.795263,0.063005,0.310714,0.031876,0.086335,0.218329,0.190621,0.471687,0.284195,0.031871,0.687725,0.694512,0.163391,0.026707,0.222446,0.142635,0.142144,0
0.0,0.266413,0.251743,0.193123,0.140457,0.10371,0.333511,0.373886,0.206399,0.327012,0.077862,0.069182,0.449055,0.063008,0.406154,0.311332,0.058424,0.062035,0.488726,0.507182,0.360071,0.127045,0.110221,0.238902,0.856925,0.119642,0.326587,0.74506,0.157077,0.331478,0.134518,0.196062,0.185364,0.288917,0.401283,0.117072,0.149094,0.498834,0.80003,0.365722,0.055422,0.361223,0.366389,0.206983,0
0.0,0.06331,0.069339,0.055358,0.041983,0.035656,0.444,0.468228,0.044351,0.45225,0.027995,0.026186,0.541706,0.023845,0.229393,0.189208,0.033939,0.046574,0.201244,0.567311,0.482004,0.160899,0.064462,0.184105,0.423792,0.028868,0.22231,0.315051,0.207904,0.182475,0.142701,0.265062,0.165689,0.21588,0.526803,0.329635,0.141454,0.171804,0.297348,0.301608,0.030422,0.296661,0.246264,0.274313,0
0.0,0.168624,0.165244,0.132305,0.09859,0.076607,0.577156,0.606095,0.172995,0.567052,0.062781,0.05729,0.675935,0.049428,0.244616,0.146982,0.049455,0.043138,0.210854,0.667035,0.557955,0.150179,0.049432,0.154538,0.472583,0.287314,0.255672,0.441721,0.184914,0.13505,0.149482,0.222316,0.137642,0.280693,0.551718,0.26849,0.180092,0.329107,0.263663,0.322357,0.329016,0.042237,0.214438,0.40399,0
0.0,0.163166,0.215128,0.198527,0.162972,0.137063,0.537333,0.560869,0.074941,0.536191,0.115814,0.099543,0.640944,0.080616,0.151519,0.369924,0.08097,0.078259,0.129514,0.65709,0.54679,0.130807,0.106213,0.365371,0.768735,0.01966,0.132975,0.738197,0.168634,0.307807,0.114488,0.198923,0.319727,0.13129,0.555681,0.390426,0.109583,0.614374,0.58198,0.306277,0.014056,0.259252,0.246846,0.167082,0
1.0,0.747506,0.877978,0.862347,0.817995,0.765805,0.184978,0.195737,0.473664,0.175065,0.683136,0.610406,0.229361,0.554204,0.388068,0.615408,0.554909,0.545715,0.3469,0.227072,0.183781,0.484202,0.532064,0.639596,1.0,0.286816,0.420745,1.0,0.509258,0.479651,0.478762,0.513632,0.620297,0.448796,0.212344,0.381054,0.476825,0.994827,0.984771,0.587908,0.183936,0.33749,0.503008,0.31172,1
0.0,0.17036,0.182991,0.176546,0.164104,0.147984,0.530222,0.558356,0.131772,0.50533,0.124396,0.107547,0.609547,0.090328,0.280919,0.204879,0.085455,0.082077,0.260222,0.598158,0.494491,0.232744,0.10187,0.192778,0.666785,0.107821,0.321448,0.654404,0.223437,0.189701,0.280415,0.208852,0.156541,0.393284,0.484334,0.515248,0.382668,0.586347,0.525714,0.258121,0.101506,0.15004,0.0817,0.314214,0
1.0,0.559451,0.619321,0.550444,0.457843,0.378265,0.326756,0.34487,0.422276,0.333296,0.308657,0.260435,0.389255,0.22724,0.43491,0.433766,0.221091,0.205955,0.406193,0.403315,0.35963,0.389317,0.226453,0.432784,0.982941,0.508804,0.451577,0.968681,0.423512,0.371595,0.372068,0.461629,0.414826,0.491286,0.378067,0.678774,0.367533,0.86025,0.849657,0.90389,0.544277,0.224859,0.632253,0.715711,1
0.0,0.174853,0.167735,0.141937,0.118726,0.092001,0.453956,0.494083,0.144877,0.442711,0.066072,0.058033,0.557447,0.047927,0.354889,0.213834,0.028848,0.012598,0.403995,0.58628,0.430145,0.054636,0.031062,0.150516,0.744009,0.102905,0.361214,0.633713,0.087486,0.247093,0.048944,0.121003,0.100794,0.361269,0.405058,0.276646,0.045914,0.51236,0.712817,0.250447,0.050703,0.157884,0.195808,0.204489,0
1.0,0.676065,0.680122,0.633131,0.577932,0.529011,0.192444,0.19987,0.648286,0.188082,0.515206,0.543796,0.225083,0.570707,0.596318,0.440096,0.604,0.574536,0.632749,0.217956,0.186132,0.429472,0.6237474999999999,0.426949,0.946588,0.723823,0.632303,0.911563,0.443768,0.431478,0.446575,0.455066,0.408181,0.6355,0.194035,0.605015,0.459143,0.83286,0.903335,0.671999,0.553112,0.408487,0.545507,0.655861,1
0.0,0.11937,0.141813,0.139333,0.123948,0.105848,0.433956,0.459151,0.077568,0.421165,0.083694,0.072156,0.506031,0.063166,0.281894,0.213602,0.053576,0.043138,0.271089,0.509392,0.401058,0.0142,0.058784,0.169282,0.808184,0.032663,0.329512,0.78675,0.033553,0.250914,0.008339,0.044766,0.140059,0.416487,0.366176,0.278774,0.004439,0.672843,0.641847,0.333969,0.028213,0.118463,0.057248,0.082294,0
0.0,0.41748,0.447751,0.408031,0.357976,0.293106,0.472444,0.513535,0.280276,0.468073,0.235044,0.210177,0.597314,0.190999,0.51467,0.374865,0.168848,0.165871,0.525658,0.625322,0.478331,0.240549,0.209419,0.344871,0.943948,0.158029,0.496561,0.888809,0.249534,0.350748,0.252513,0.270448,0.306697,0.467887,0.497546,0.149189,0.2685,0.770405,0.908474,0.519206,0.078715,0.386364,0.459538,0.11222,0
0.0,0.378452,0.398819,0.369417,0.348779,0.333432,0.331911,0.379883,0.271863,0.302211,0.299242,0.273413,0.438789,0.249428,0.222367,0.236375,0.258667,0.276961,0.301928,0.463076,0.300573,0.074008,0.294589,0.173934,0.941511,0.128227,0.171476,0.911924,0.086243,0.263953,0.076611,0.086166,0.148775,0.135304,0.284636,0.230395,0.075238,0.845537,0.917326,0.219709,0.031626,0.212993,0.22026,0.057356,0
0.0,0.153051,0.131652,0.126369,0.120989,0.100026,0.442044,0.473821,0.167115,0.417686,0.075071,0.071527,0.528959,0.060245,0.105523,0.074031,0.044727,0.033212,0.169839,0.541436,0.39004,0.075701,0.027722,0.032327,0.516653,0.177192,0.120089,0.463495,0.097925,0.132226,0.084561,0.116964,0.007853,0.147641,0.384485,0.200355,0.110165,0.433496,0.510109,0.182029,0.156526,0.038817,0.030856,0.326683,0
0.0,0.106113,0.124598,0.103128,0.08005,0.065029,0.547733,0.568812,0.05949,0.556391,0.050742,0.047513,0.631021,0.043032,0.19732,0.238845,0.03903,0.041993,0.192262,0.639779,0.582048,0.142938,0.07014,0.233541,0.592811,0.037205,0.194007,0.531655,0.178824,0.225498,0.136077,0.227533,0.22739,0.219796,0.612495,0.195694,0.140799,0.398092,0.436025,0.092821,0.076807,0.131939,0.100136,0.144638,0
1.0,0.624552,0.740335,0.71257,0.621337,0.517696,0.295733,0.32485,0.412611,0.27842,0.426096,0.363122,0.391907,0.311488,0.645046,0.558669,0.287636,0.250239,0.506375,0.423573,0.273101,0.553226,0.237141,0.623748,1.0,0.377403,0.758242,0.999536,0.577482,0.425831,0.529889,0.572871,0.613134,0.825044,0.286712,0.338652,0.525649,0.985838,0.964177,0.559566,0.330522,0.37852,0.508636,0.553616,1
1.0,0.655201,0.693055,0.639627,0.579499,0.54128,0.290489,0.316502,0.518954,0.300864,0.496459,0.46335,0.386945,0.414607,0.555722,0.640188,0.429818,0.39435,0.549651,0.416298,0.312766,0.7131375000000001,0.39479,0.635181,0.998071,0.391962,0.588426,0.990558,0.67466,0.595349,0.7606195,0.6896655,0.596911,0.607695,0.332578,0.612057,0.806301,0.942633,0.969204,0.715852,0.202711,0.414119,0.680574,0.690774,1
1.0,0.637892,0.622988,0.537843,0.442117,0.353793,0.1288,0.148079,0.550075,0.143755,0.303658,0.273128,0.202241,0.257007,0.668597,0.518913,0.236727,0.202901,0.757741,0.254512,0.181725,0.357062,0.290581,0.429394,0.989236,0.390904,0.627718,0.95898,0.364856,0.56686,0.391162,0.373612,0.35787,0.582534,0.215364,0.358916,0.439569,0.816536,0.969129,0.644754,0.21747,0.445897,0.530565,0.42394,1
1.0,0.833692,0.904347,0.876824,0.817385,0.745839,0.108089,0.130734,0.596272,0.102009,0.655682,0.587307,0.154077,0.531386,0.382539,0.562683,0.500121,0.473564,0.390993,0.153407,0.10783,0.376246,0.51336,0.537491,1.0,0.376159,0.422721,1.0,0.376786,0.51387,0.389993,0.356614,0.511046,0.490699,0.10721,0.790577,0.395256,1.0,0.999025,0.685642,0.226004,0.298069,0.392587,0.389027,1
1.0,0.75051,0.773171,0.685689,0.567574,0.454542,0.094222,0.105203,0.571782,0.090113,0.36019,0.306061,0.135084,0.276352,0.657147,0.579898,0.268364,0.247375,0.682306,0.176611,0.08741,0.239797,0.291583,0.498463,1.0,0.381012,0.648035,1.0,0.231515,0.60789,0.267555,0.221643,0.43174,0.670159,0.092676,0.236525,0.305756,0.994022,0.99865,0.454605,0.221787,0.484111,0.396468,0.249377,1
0.0,0.136652,0.157462,0.141797,0.114345,0.089007,0.517689,0.566056,0.088671,0.501964,0.065781,0.052201,0.652494,0.039242,0.337844,0.266945,0.033091,0.022905,0.287545,0.668048,0.491994,0.043634,0.060454,0.260112,0.95131,0.03789,0.389991,0.919509,0.064745,0.256229,0.038033,0.081286,0.22903,0.466712,0.45923,0.230547,0.043222,0.799322,0.752054,0.153524,0.024398,0.125905,0.082864,0.169576,0
0.0,0.266275,0.286202,0.248089,0.20217,0.171929,0.5208,0.548306,0.215313,0.515767,0.14985,0.13665,0.599025,0.112989,0.205712,0.206037,0.101576,0.095056,0.205012,0.590792,0.51447,0.211491,0.104208,0.188126,0.685215,0.269583,0.191715,0.664723,0.221822,0.19186,0.242771,0.233086,0.16914,0.211572,0.49547,0.360385,0.31165,0.568285,0.547808,0.26884,0.300201,0.181014,0.176984,0.309226,0
0.0,0.357726,0.364135,0.296643,0.22808,0.175646,0.475022,0.511347,0.231484,0.465717,0.138144,0.117839,0.599452,0.09925,0.18639,0.469199,0.089455,0.079977,0.294831,0.655249,0.486264,0.168234,0.114562,0.408421,0.929123,0.106701,0.0755,0.856664,0.193613,0.457558,0.168654,0.229216,0.350621,0.0,0.499434,0.119301,0.169832,0.740089,0.916539,0.533742,0.050201,0.335278,0.534834,0.109725,0
1.0,0.791825,0.792543,0.6662,0.53766,0.448096,0.259289,0.270546,0.644908,0.279991,0.368897,0.312521,0.332278,0.282116,0.584022,0.624595,0.285939,0.276007,0.63746,0.389134,0.348318,0.443671,0.339345,0.554206,0.992283,0.69651,0.483437,0.977452,0.477445,0.555814,0.444938,0.539212,0.481705,0.420403,0.405625,0.694124,0.473768,0.915455,0.969166,0.836528,0.713554,0.60358,0.805938,0.446384,1
1.0,0.878452,0.898161,0.804609,0.688476,0.592954,0.280711,0.313665,0.751595,0.286612,0.507665,0.440652,0.378561,0.392657,0.739965,0.744017,0.391636,0.383852,0.728032,0.42081,0.344939,0.441226,0.387442,0.692738,0.997868,0.890935,0.686695,0.996027,0.475084,0.646927,0.455304,0.510939,0.61883,0.672313,0.401472,0.704407,0.498363,0.950943,0.969166,0.976328,0.7362945000000001,0.664119,0.726761,0.458853,1
0.0,0.175652,0.219802,0.196595,0.159171,0.135024,0.737244,0.768763,0.113599,0.725732,0.113356,0.099657,0.865001,0.089775,0.351116,0.282924,0.090061,0.07845,0.287733,0.862431,0.721169,0.252868,0.090848,0.305448,0.86708,0.118584,0.351569,0.83262,0.257114,0.237957,0.286494,0.264389,0.294184,0.356961,0.735938,0.297315,0.37037,0.723087,0.691136,0.345217,0.14508,0.220032,0.326606,0.374065,0
0.0,0.285265,0.252274,0.204547,0.160535,0.11963,0.720356,0.783595,0.28747,0.699697,0.08936,0.085306,0.9029,0.079195,0.156594,0.318203,0.056848,0.048673,0.262421,1.0,0.68694,0.190615,0.078824,0.24797,0.648304,0.332296,0.092023,0.494195,0.207034,0.341777,0.206609,0.229552,0.184501,0.024085,0.691582,0.161702,0.234447,0.347551,0.633295,0.599358,0.35251,0.123492,0.452746,0.376559,0
0.0,0.155146,0.170982,0.162658,0.14716,0.118413,0.496444,0.531285,0.103153,0.484794,0.08736,0.075243,0.60373,0.06285,0.285408,0.194457,0.046303,0.032449,0.266189,0.631952,0.4632,0.299981,0.039746,0.182607,0.729234,0.061532,0.348249,0.692637,0.279732,0.185216,0.365521,0.26927,0.162237,0.430585,0.432427,0.486424,0.488321,0.576892,0.533328,0.248295,0.05241,0.108407,0.099942,0.336658,0
1.0,0.436608,0.453881,0.382522,0.3043,0.233439,0.144889,0.16899,0.29579,0.132421,0.174096,0.145855,0.215416,0.124122,0.537831,0.407673,0.107394,0.091621,0.559764,0.272652,0.14632,0.18281,0.106547,0.342348,0.979437,0.167984,0.565657,0.941695,0.18889,0.422591,0.188606,0.199764,0.279513,0.632269,0.168177,0.272746,0.200102,0.776595,0.910199,0.48254,0.121687,0.145817,0.245488,0.586035,1
0.0,0.355466,0.355205,0.282026,0.21395,0.164463,0.488711,0.536311,0.284343,0.474582,0.129145,0.111607,0.608521,0.090801,0.314879,0.277212,0.071758,0.052491,0.34175,0.63232,0.468782,0.144536,0.035404,0.254514,0.783357,0.315374,0.259942,0.750529,0.167019,0.253654,0.156808,0.178896,0.285381,0.210691,0.457154,0.061044,0.199374,0.679457,0.723696,0.284838,0.319779,0.184634,0.295362,0.152119,0
1.0,0.602723,0.68852,0.636659,0.549179,0.461812,0.258489,0.274437,0.376986,0.240377,0.387102,0.345683,0.318676,0.309751,0.533342,0.494828,0.292606,0.259591,0.49865,0.337661,0.244454,0.283336,0.312291,0.473626,0.997918,0.238972,0.539568,0.996801,0.296011,0.429485,0.303795,0.314204,0.42009,0.575583,0.253681,0.559574,0.329768,0.970914,0.927829,0.655149,0.189458,0.377715,0.4085,0.38404,1
0.0,0.203682,0.21482,0.188279,0.150293,0.116769,0.555822,0.589966,0.148192,0.542139,0.091276,0.074385,0.657114,0.057165,0.325938,0.226108,0.043879,0.029777,0.319578,0.669521,0.531659,0.18422,0.04175,0.20082,0.743044,0.087974,0.343505,0.710541,0.191624,0.234302,0.214636,0.196062,0.174146,0.38927,0.51359,0.235866,0.281525,0.591562,0.567088,0.371528,0.078112,0.066573,0.25946,0.438902,0
0.0,0.154347,0.140806,0.134125,0.136018,0.13305,0.366844,0.39893,0.139153,0.350578,0.119355,0.108348,0.454701,0.089933,0.346301,0.206732,0.075394,0.034358,0.371396,0.479466,0.328779,0.084916,0.03006,0.160845,0.681661,0.051142,0.385327,0.667871,0.106996,0.250831,0.094147,0.115954,0.147135,0.476503,0.289166,0.175177,0.115695,0.606063,0.594171,0.152915,0.018474,0.020716,0.0,0.199502,0
0.0,0.148503,0.159421,0.137513,0.115215,0.093152,0.544267,0.589318,0.098805,0.537762,0.069072,0.054603,0.674994,0.04619,0.357361,0.258144,0.039879,0.031876,0.34131,0.708748,0.536066,0.042787,0.045424,0.218245,0.950244,0.052759,0.381848,0.908106,0.075929,0.282558,0.040215,0.111579,0.190973,0.41776,0.517743,0.260588,0.044459,0.746661,0.81796,0.23388,0.044478,0.274135,0.132738,0.042394,0
0.0,0.250014,0.269798,0.249965,0.224134,0.180482,0.394756,0.425434,0.163018,0.372012,0.13881,0.118525,0.482334,0.098855,0.302908,0.248031,0.076242,0.052682,0.308775,0.482965,0.347583,0.234907,0.0501,0.233147,0.793816,0.096311,0.351253,0.771064,0.220206,0.243605,0.287974,0.21104,0.224888,0.447621,0.325972,0.257599,0.369279,0.707611,0.712105,0.238631,0.076004,0.153057,0.135649,0.254364,0
0.0,0.221487,0.305126,0.299219,0.268787,0.225873,0.587822,0.620036,0.096897,0.584334,0.194301,0.175472,0.691676,0.147493,0.41819,0.35271,0.126182,0.101928,0.348094,0.659945,0.567651,0.190145,0.083166,0.39005,0.812602,0.042431,0.494031,0.765182,0.213496,0.300914,0.179565,0.222989,0.391094,0.554043,0.56191,0.11079,0.173761,0.702862,0.750066,0.180648,0.036245,0.23753,0.17679,0.149625,0
1.0,0.941927,0.997089,1.0,1.0,0.916682,0.247289,0.26463,0.710653,0.234878,0.787995,0.7080040000000001,0.31243,0.6202915,0.634376,0.846225,0.6170925,0.574536,0.552729,0.333057,0.246805,0.7131375000000001,0.6237474999999999,0.8163285,1.0,0.397437,0.696735,1.0,0.67466,0.747093,0.7606195,0.6896655,0.7757175000000001,0.721167,0.258399,0.8072185000000001,0.815469,1.0,0.999475,0.926628,0.210442,0.540426,0.749854,0.291771,1
0.0,0.296676,0.265571,0.211044,0.166251,0.126472,0.640889,0.678068,0.3002,0.620469,0.09161,0.073242,0.773291,0.060797,0.33316,0.280685,0.045333,0.027677,0.392626,0.826703,0.605553,0.18328,0.043086,0.229283,0.820877,0.426554,0.291881,0.762551,0.189387,0.283804,0.218767,0.202457,0.182171,0.260035,0.591544,0.212817,0.290548,0.608056,0.746315,0.399911,0.497289,0.201931,0.336115,0.341646,0
1.0,0.240092,0.257145,0.234592,0.200749,0.166371,0.245867,0.258713,0.213249,0.236898,0.134061,0.116295,0.314056,0.103593,0.391972,0.184345,0.102545,0.099256,0.298913,0.345396,0.231086,0.195129,0.126587,0.194907,0.69999,0.287625,0.511187,0.708426,0.225674,0.157724,0.182605,0.276001,0.182085,0.610926,0.248207,0.444732,0.17769,0.574942,0.400128,0.457731,0.29488,0.025543,0.237337,0.8054859999999999,1
1.0,0.853784,0.848277,0.757455,0.638978,0.529373,0.212889,0.229859,0.72232,0.231063,0.445342,0.417553,0.285482,0.37047,0.806714,0.751968,0.359394,0.363619,0.889266,0.346685,0.282063,0.522193,0.4499,0.641804,0.999594,0.534437,0.73571,0.970332,0.525662,0.744435,0.558725,0.524403,0.536676,0.705502,0.328048,0.524975,0.615368,0.889888,0.990997,0.601957,0.402811,0.642196,0.782263,0.428927,1
0.0,0.098341,0.104582,0.095371,0.084576,0.070916,0.370756,0.38191,0.071563,0.368533,0.056282,0.051401,0.437848,0.049112,0.282545,0.166435,0.052364,0.053063,0.276679,0.458011,0.380197,0.150367,0.083834,0.14279,0.435215,0.04044,0.271168,0.358083,0.191624,0.173671,0.140285,0.237799,0.11253,0.27619,0.414119,0.47614,0.140872,0.219886,0.329082,0.438363,0.033534,0.249397,0.369299,0.341646,0
1.0,0.893005,1.0,0.983507,0.931092,0.871719,0.300178,0.329551,0.585293,0.301201,0.787995,0.7080040000000001,0.390196,0.6202915,0.680502,0.761309,0.6170925,0.574536,0.580994,0.40267,0.318936,0.7131375000000001,0.6237474999999999,0.8163285,1.0,0.37983,0.775714,1.0,0.67466,0.583472,0.705791,0.6896655,0.7757175000000001,0.871549,0.333711,0.462057,0.68835,1.0,0.996474,0.50272,0.249197,0.785298,0.565108,0.428927,1
0.0,0.15352,0.201915,0.216308,0.20748,0.187422,0.585067,0.606987,0.101464,0.602514,0.166472,0.158433,0.667807,0.14923,0.329452,0.343446,0.152849,0.154801,0.273978,0.650368,0.624651,0.145007,0.204409,0.345581,0.920593,0.085983,0.422168,0.938754,0.194607,0.339369,0.123295,0.261191,0.338626,0.514098,0.646848,0.185968,0.111111,0.885266,0.747665,0.11024,0.130221,0.438858,0.226858,0.042394,0
1.0,0.948955,0.947233,0.896256,0.827279,0.760378,0.139556,0.150916,0.931753,0.144765,0.698592,0.661692,0.189837,0.611133,0.561187,0.846225,0.592606,0.544188,0.702908,0.219153,0.142794,0.628268,0.47161,0.8163285,1.0,0.756424,0.493794,1.0,0.601591,0.7904905,0.69979,0.569169,0.706679,0.427257,0.155908,0.317984,0.785491,1.0,1.0,0.893658,0.272791,0.45897,0.869785,0.486285,1
1.0,0.718483,0.749097,0.669644,0.573957,0.500954,0.258844,0.274923,0.588077,0.25923,0.423721,0.379817,0.344597,0.367311,0.753822,0.545932,0.399515,0.369154,0.679606,0.407643,0.294109,0.476114,0.401136,0.534337,0.983296,0.730915,0.725354,0.978432,0.497701,0.448007,0.468942,0.52962,0.510701,0.696593,0.33541,0.8072185000000001,0.484901,0.926479,0.9126,0.829178,0.7362945000000001,0.756838,0.682321,0.498753,1
0.0,0.314894,0.314167,0.297063,0.286746,0.280639,0.321333,0.328578,0.285938,0.328695,0.285494,0.337221,0.36282,0.401026,0.274543,0.299213,0.523636,0.574536,0.320269,0.368232,0.341119,0.17745,0.6237474999999999,0.278089,0.946233,0.18895,0.288481,0.885971,0.197216,0.320515,0.166861,0.204645,0.28495,0.319463,0.370706,0.116667,0.160955,0.803138,0.923178,0.235951,0.079518,0.216211,0.222201,0.062344,0
0.0,0.269941,0.247656,0.226864,0.208524,0.172719,0.353156,0.3704,0.259321,0.331725,0.134853,0.118125,0.397211,0.09246,0.233427,0.333256,0.070303,0.049055,0.28497,0.398435,0.283091,0.177168,0.05344,0.279981,0.782697,0.238723,0.272591,0.741396,0.174848,0.392525,0.195698,0.160552,0.24931,0.326219,0.245753,0.278521,0.232628,0.68552,0.724783,0.2137,0.180823,0.049879,0.129051,0.174563,0
0.0,0.169175,0.245304,0.231596,0.197818,0.159989,0.667289,0.685768,0.073815,0.668051,0.129812,0.117267,0.745145,0.10533,0.333225,0.299676,0.101818,0.096392,0.273789,0.709853,0.666814,0.179424,0.127255,0.327289,0.782951,0.028308,0.361214,0.743408,0.21188,0.260299,0.167485,0.250084,0.325682,0.392892,0.67667,0.304559,0.164011,0.56608,0.572152,0.331655,0.045683,0.262872,0.331069,0.204489,0
0.0,0.237997,0.240041,0.231708,0.216387,0.204066,0.412089,0.417085,0.219817,0.420604,0.195926,0.192338,0.451878,0.168338,0.141695,0.286089,0.145455,0.130941,0.196407,0.427993,0.421772,0.268384,0.138277,0.282977,0.53554,0.152927,0.131473,0.46267,0.313906,0.294269,0.256722,0.354594,0.286158,0.112199,0.428652,0.373607,0.256713,0.376807,0.475749,0.613935,0.066566,0.194288,0.488453,0.316707,0
1.0,0.743454,0.823223,0.751911,0.649597,0.568351,0.246311,0.279138,0.502221,0.244641,0.483086,0.411378,0.356147,0.35531,0.592935,0.725259,0.326545,0.296049,0.557377,0.402854,0.246658,0.448937,0.298597,0.694394,1.0,0.301375,0.589058,1.0,0.448614,0.63098,0.4698,0.439078,0.631861,0.616996,0.238958,0.581712,0.515899,0.999788,0.991222,0.493706,0.162249,0.45716,0.496992,0.391521,1
0.0,0.130202,0.189654,0.167866,0.121221,0.09427,0.6088,0.643864,0.052327,0.603524,0.082778,0.0753,0.735221,0.062219,0.366079,0.255442,0.062545,0.067761,0.234596,0.705617,0.611576,0.171243,0.079826,0.316881,0.704661,0.025384,0.408096,0.728033,0.206537,0.192774,0.15369,0.238808,0.313773,0.405816,0.635712,0.045491,0.16241,0.600636,0.442177,0.119782,0.044177,0.266693,0.243353,0.25187,0
1.0,0.600794,0.653445,0.596589,0.523676,0.462141,0.270756,0.290809,0.461498,0.274829,0.414139,0.387879,0.352383,0.344572,0.602889,0.480315,0.324364,0.298339,0.545632,0.387293,0.294844,0.564322,0.321309,0.495151,0.978067,0.451129,0.66527,0.962799,0.602833,0.398754,0.558179,0.636318,0.472385,0.718034,0.317101,0.574468,0.575275,0.864914,0.859335,0.710573,0.382329,0.436444,0.589365,0.718204,1
0.0,0.151012,0.191921,0.187915,0.164568,0.13782,0.5552,0.578943,0.08007,0.547974,0.11094,0.09028,0.637522,0.071299,0.408171,0.349004,0.05903,0.032831,0.327743,0.641068,0.53871,0.07382,0.00334,0.355436,0.952935,0.029242,0.491027,0.957742,0.090344,0.347176,0.068974,0.099798,0.349327,0.602702,0.519441,0.184144,0.067816,0.859953,0.747065,0.176425,0.035141,0.195093,0.079177,0.004987,0
0.0,0.265007,0.223833,0.174194,0.13538,0.102296,0.496533,0.536878,0.260134,0.502076,0.078195,0.072899,0.614509,0.061429,0.151259,0.249112,0.048848,0.037603,0.263426,0.655617,0.516821,0.2082,0.06012,0.196878,0.704661,0.292354,0.087122,0.559517,0.235616,0.299336,0.225002,0.272804,0.204436,0.046015,0.526803,0.11459,0.269519,0.369557,0.658802,0.511369,0.314157,0.11786,0.32059,0.421446,0
1.0,0.486577,0.484142,0.412763,0.343179,0.273831,0.119733,0.128951,0.397567,0.120862,0.212756,0.184563,0.152451,0.167154,0.436406,0.389301,0.151515,0.131895,0.509704,0.183149,0.132364,0.196728,0.167001,0.312308,0.963394,0.371928,0.40936,0.930809,0.23313,0.430897,0.196789,0.264221,0.253193,0.397787,0.150057,0.309777,0.198356,0.806996,0.942421,0.607601,0.347892,0.300483,0.341549,0.496259,1
1.0,0.662643,0.64863,0.555876,0.479603,0.425959,0.229156,0.239504,0.599243,0.255976,0.38781,0.373299,0.299427,0.349467,0.557088,0.638799,0.410061,0.417446,0.691728,0.3686,0.295578,0.372296,0.446226,0.518726,0.997157,0.543582,0.495296,0.971467,0.414316,0.684468,0.377757,0.454224,0.439938,0.48179,0.348056,0.531408,0.420214,0.893916,0.984771,0.646744,0.367068,0.551287,0.578692,0.391521,1
1.0,0.866849,0.857235,0.753199,0.668543,0.615157,0.2032,0.218917,0.700113,0.204803,0.563781,0.53442,0.262982,0.496407,0.568148,0.674309,0.461576,0.432143,0.649771,0.277716,0.207287,0.7131375000000001,0.539078,0.627612,1.0,0.438748,0.471025,0.999794,0.67466,0.607143,0.7606195,0.6896655,0.557473,0.399941,0.219894,0.553749,0.810667,0.985372,1.0,0.730835,0.290964,0.505028,0.915389,0.513715,1
1.0,1.0,0.959802,0.865567,0.757442,0.650977,0.067022,0.09183,1.0,0.071036,0.558282,0.528302,0.140816,0.496171,0.831176,0.762622,0.414182,0.439969,0.9248775,0.185912,0.089467,0.361482,0.496326,0.610502,1.0,0.741554,0.779508,1.0,0.335653,0.7904905,0.43317,0.327163,0.494391,0.758567,0.123443,0.269149,0.513134,1.0,1.0,0.34546,0.353313,0.741553,0.528818,0.336658,1
1.0,0.913621,0.949808,0.892868,0.821592,0.765542,0.065778,0.066299,0.727105,0.071597,0.725796,0.7080040000000001,0.071178,0.6202915,0.614534,0.549869,0.6170925,0.574536,0.651592,0.07302,0.087116,0.412545,0.6237474999999999,0.47954,1.0,0.517887,0.622342,1.0,0.417547,0.519518,0.435742,0.407775,0.417156,0.671823,0.09513,0.494174,0.469403,1.0,1.0,0.578325,0.368876,0.700724,0.533476,0.269326,1
1.0,0.69591,0.751029,0.674348,0.564672,0.477337,0.2512,0.283676,0.528212,0.245651,0.411015,0.367696,0.358371,0.324516,0.672175,0.591632,0.315273,0.300057,0.595817,0.412891,0.267813,0.362611,0.308617,0.582275,1.0,0.554781,0.722666,1.0,0.396918,0.520017,0.362014,0.427297,0.556524,0.762287,0.312571,0.222492,0.362294,0.987026,0.977494,0.264536,0.530924,0.451126,0.387541,0.359103,1
0.0,0.228516,0.269602,0.225968,0.170719,0.13111,0.489333,0.520263,0.121075,0.482213,0.104191,0.09211,0.600137,0.084011,0.28775,0.301451,0.08897,0.097538,0.290811,0.628085,0.495226,0.231145,0.128925,0.300796,0.859261,0.058732,0.256147,0.75672,0.276625,0.243439,0.224223,0.338775,0.291336,0.226454,0.526991,0.124823,0.234883,0.500657,0.66983,0.500731,0.062349,0.273129,0.53367,0.304239,0
0.0,0.433383,0.397111,0.327724,0.259357,0.20252,0.462844,0.508835,0.441887,0.460779,0.162931,0.145397,0.607665,0.122227,0.375057,0.30423,0.117212,0.117961,0.448025,0.665378,0.486264,0.257946,0.153307,0.260979,0.719689,0.621975,0.305242,0.60322,0.266435,0.302326,0.29039,0.28997,0.22273,0.245937,0.516799,0.22381,0.351379,0.482468,0.645936,0.351226,0.708635,0.276951,0.349505,0.356608,0
0.0,0.340968,0.340565,0.284266,0.216793,0.164101,0.660178,0.709272,0.284186,0.659971,0.129603,0.119954,0.801694,0.108014,0.260035,0.327698,0.101818,0.105554,0.330004,0.82919,0.684149,0.270359,0.154309,0.300639,0.720705,0.334163,0.191478,0.602239,0.293277,0.310714,0.287195,0.329855,0.278478,0.151557,0.697433,0.1577,0.320891,0.440789,0.666604,0.542837,0.383735,0.205551,0.555211,0.376559,0
1.0,0.926217,0.905579,0.792261,0.637266,0.506217,0.178222,0.193548,0.830977,0.194254,0.423721,0.382962,0.239884,0.350336,0.864485,0.777134,0.334182,0.342432,0.9248775,0.301013,0.225062,0.538932,0.430862,0.662304,1.0,0.835563,0.771207,0.999639,0.545545,0.775083,0.587795,0.571525,0.553158,0.702761,0.258588,0.595491,0.66412,0.970956,0.998575,0.664041,0.7362945000000001,0.716412,0.855812,0.349127,1
0.0,0.310402,0.361476,0.365973,0.35728,0.336688,0.368089,0.373723,0.215532,0.372349,0.31124,0.279646,0.401745,0.240111,0.086462,0.231126,0.220606,0.188586,0.080271,0.370626,0.371236,0.085387,0.193721,0.260191,0.984616,0.121197,0.103882,0.98514,0.108488,0.192442,0.075053,0.11932,0.268554,0.129822,0.373726,0.237791,0.062868,0.969599,0.93762,0.090466,0.06757,0.238536,0.239278,0.082294,0
0.0,0.123918,0.135207,0.123148,0.114345,0.100849,0.493422,0.513698,0.07541,0.486814,0.082653,0.075929,0.565574,0.07351,0.215926,0.197468,0.074909,0.075587,0.216067,0.576519,0.478625,0.057363,0.103874,0.183474,0.743654,0.02694,0.235671,0.720293,0.089847,0.18696,0.054399,0.126893,0.159821,0.290582,0.461684,0.367021,0.05159,0.584354,0.549458,0.272129,0.031526,0.0714,0.103629,0.289277,0
0.0,0.154209,0.133219,0.110856,0.091365,0.068647,0.630133,0.672799,0.158514,0.617664,0.046242,0.037621,0.756951,0.031346,0.232971,0.2109,0.028,0.018324,0.269895,0.789687,0.617453,0.136637,0.027388,0.177324,0.431154,0.207615,0.211321,0.341314,0.152728,0.220764,0.1473,0.185291,0.133673,0.215782,0.602869,0.267528,0.176672,0.245749,0.36693,0.255116,0.230723,0.131537,0.11275,0.416459,0
0.0,0.297393,0.3755,0.359533,0.325393,0.302776,0.666933,0.678716,0.161485,0.670071,0.274454,0.247227,0.709984,0.214133,0.206818,0.337039,0.175636,0.125787,0.194523,0.656354,0.671074,0.304213,0.104877,0.366632,0.911809,0.063709,0.224286,0.892782,0.30297,0.279402,0.321097,0.280209,0.39282,0.250245,0.642507,0.181358,0.358801,0.843375,0.833565,0.417167,0.048193,0.078842,0.286823,0.304239,0
1.0,0.673943,0.705876,0.637471,0.556403,0.492566,0.2968,0.316016,0.591768,0.290876,0.433094,0.37833,0.361536,0.340545,0.582916,0.434924,0.324364,0.325444,0.54337,0.374309,0.303805,0.251364,0.373748,0.442955,0.962124,0.775089,0.657918,0.95413,0.287436,0.381478,0.245421,0.324302,0.415343,0.783532,0.321442,0.8072185000000001,0.249727,0.893873,0.875689,0.516891,0.7362945000000001,0.313757,0.400543,0.553616,1
0.0,0.3241,0.405285,0.383782,0.352957,0.311887,0.560267,0.591506,0.197485,0.551678,0.268039,0.238822,0.665669,0.236163,0.362891,0.255134,0.243515,0.217026,0.381132,0.651934,0.54253,0.2981,0.193387,0.270598,0.828544,0.132085,0.357182,0.751509,0.309432,0.233555,0.316733,0.314372,0.232913,0.30419,0.5302,0.176596,0.354508,0.645665,0.771597,0.53898,0.086245,0.072405,0.400543,0.374065,0
1.0,0.798936,0.841615,0.779772,0.699443,0.619795,0.160356,0.176771,0.623702,0.155763,0.517289,0.443053,0.214817,0.412791,0.733134,0.556508,0.399758,0.395495,0.6683,0.248435,0.174673,0.379161,0.448898,0.528266,0.987256,0.693523,0.776346,0.984211,0.397415,0.487209,0.37916,0.413497,0.500604,0.817701,0.201019,0.420466,0.387106,0.968751,0.943059,0.332386,0.72761,0.595736,0.445566,0.134663,1
0.0,0.212116,0.296112,0.274186,0.22219,0.186304,0.585333,0.588993,0.100525,0.598137,0.162848,0.148885,0.657969,0.128306,0.221976,0.296665,0.126424,0.131705,0.164374,0.629742,0.616718,0.278258,0.167001,0.356383,0.638708,0.05643,0.223259,0.636087,0.336771,0.226827,0.256332,0.388421,0.363911,0.20981,0.651567,0.353394,0.255112,0.547509,0.462808,0.399017,0.061847,0.309332,0.448088,0.299252,0
0.0,0.353398,0.372141,0.350909,0.321041,0.2811,0.361778,0.388069,0.253628,0.372349,0.236502,0.217324,0.442553,0.198737,0.363997,0.282229,0.203758,0.212445,0.393317,0.458564,0.394888,0.248825,0.270541,0.267602,0.745177,0.141355,0.392442,0.661627,0.275631,0.284136,0.253293,0.308987,0.262427,0.423243,0.42752,0.25076,0.264644,0.562688,0.67977,0.511816,0.079719,0.4107,0.343295,0.281796,0
0.0,0.407861,0.432019,0.40257,0.349417,0.283731,0.369867,0.407278,0.307425,0.358097,0.22817,0.204345,0.452733,0.16439,0.165572,0.367222,0.140606,0.07845,0.248917,0.437569,0.345674,0.067519,0.089178,0.309706,0.994161,0.161575,0.126255,0.984934,0.085125,0.387791,0.077157,0.091888,0.259061,0.096045,0.332767,0.183435,0.086444,0.950816,0.967591,0.277773,0.06245,0.173773,0.254221,0.05985,0
0.0,0.084119,0.103659,0.099376,0.090843,0.080225,0.457689,0.464338,0.050857,0.471776,0.064281,0.058033,0.519377,0.051323,0.181446,0.213756,0.051879,0.058217,0.171032,0.526151,0.491259,0.146417,0.094522,0.212883,0.600579,0.025384,0.196933,0.557814,0.190382,0.197924,0.131323,0.243689,0.214964,0.220188,0.513401,0.184093,0.129739,0.403731,0.404066,0.226125,0.030723,0.218825,0.195808,0.249377,0
0.0,0.402431,0.394676,0.319071,0.260053,0.212157,0.303822,0.346491,0.283404,0.285714,0.169305,0.144597,0.415262,0.126174,0.362696,0.29929,0.12,0.111281,0.443,0.474217,0.294256,0.158172,0.123915,0.233462,0.979945,0.197661,0.264052,0.938961,0.1659,0.328156,0.185722,0.176035,0.17147,0.165949,0.341072,0.0,0.233719,0.789739,0.960351,0.20903,0.160241,0.173371,0.287599,0.129676,0
0.0,0.195166,0.207457,0.172094,0.13509,0.106572,0.624,0.66356,0.140686,0.609696,0.082195,0.069926,0.770126,0.061666,0.40635,0.29157,0.056727,0.048864,0.407575,0.830295,0.597032,0.162216,0.069138,0.24797,0.836007,0.131774,0.387541,0.776946,0.17025,0.299834,0.181436,0.180747,0.193131,0.432054,0.560023,0.42462,0.228698,0.606275,0.707378,0.343471,0.14006,0.181014,0.164176,0.341646,0
0.0,0.056667,0.0664,0.053314,0.038763,0.031116,0.500089,0.533393,0.027117,0.498934,0.027662,0.031847,0.599709,0.031583,0.358988,0.161958,0.034182,0.034167,0.279882,0.592173,0.516233,0.107015,0.054776,0.180714,0.345908,0.013003,0.401138,0.323616,0.135081,0.150498,0.100382,0.16762,0.182516,0.465244,0.540393,0.428014,0.110092,0.321179,0.295135,0.084619,0.038454,0.27675,0.062488,0.239402,0
1.0,0.46235,0.478459,0.414891,0.336854,0.266232,0.237778,0.26082,0.375704,0.24105,0.212381,0.186164,0.323809,0.161469,0.401015,0.378956,0.145576,0.130559,0.426795,0.374217,0.265609,0.401072,0.155979,0.357644,0.989947,0.37479,0.385327,0.93571,0.420281,0.352409,0.408698,0.456917,0.325509,0.365087,0.306342,0.572644,0.434985,0.714056,0.903035,0.662823,0.316867,0.25181,0.59577,0.750623,1
0.0,0.136486,0.158021,0.15885,0.155254,0.151832,0.587644,0.603582,0.088703,0.598025,0.138269,0.12327,0.663786,0.107698,0.333355,0.247877,0.105576,0.095056,0.269393,0.641805,0.598061,0.188828,0.117903,0.248364,0.562094,0.04716,0.421535,0.563954,0.220331,0.236545,0.176681,0.251094,0.243442,0.522322,0.578898,0.351064,0.177618,0.504049,0.415469,0.268394,0.056827,0.205953,0.156026,0.201995,0
0.0,0.161209,0.175853,0.153838,0.129693,0.10598,0.531644,0.56946,0.096741,0.531927,0.07832,0.06215,0.657712,0.051717,0.221911,0.332175,0.045818,0.029395,0.251743,0.685543,0.539739,0.089994,0.031062,0.289206,0.776604,0.02694,0.194798,0.640782,0.116317,0.340033,0.089159,0.143891,0.238781,0.214509,0.523594,0.201317,0.091756,0.450329,0.629206,0.37567,0.002008,0.239541,0.243547,0.149625,0
0.0,0.19489,0.217199,0.186739,0.144403,0.104862,0.5128,0.553818,0.117884,0.504657,0.073071,0.066724,0.642484,0.066009,0.355214,0.336962,0.065212,0.069097,0.328434,0.692081,0.515352,0.113598,0.119572,0.309233,0.824127,0.054004,0.359712,0.776792,0.145769,0.31113,0.109812,0.186974,0.275371,0.359898,0.529445,0.317021,0.114094,0.603689,0.689861,0.241757,0.043574,0.354586,0.295362,0.157108,0
0.0,0.122568,0.13851,0.113768,0.096211,0.08904,0.526133,0.546847,0.070468,0.531366,0.076612,0.065294,0.608435,0.050849,0.356255,0.216535,0.048242,0.034358,0.314616,0.606998,0.523285,0.114538,0.032398,0.201135,0.744263,0.034343,0.400348,0.694082,0.145769,0.229153,0.103032,0.158532,0.185192,0.474741,0.502265,0.350152,0.110383,0.534026,0.507558,0.313099,0.043675,0.113234,0.137784,0.21197,0
0.0,0.074114,0.104135,0.090219,0.061046,0.043188,0.460444,0.492138,0.037064,0.463248,0.03716,0.036592,0.573445,0.030162,0.310064,0.193531,0.035273,0.047528,0.235412,0.581215,0.495519,0.158642,0.077488,0.207364,0.572147,0.028371,0.317021,0.521903,0.214987,0.172674,0.150339,0.288792,0.199085,0.313295,0.549075,0.30618,0.159863,0.338902,0.338797,0.227871,0.049398,0.295253,0.218902,0.279302,0
1.0,0.64244,0.68698,0.635791,0.555591,0.480988,0.265244,0.284649,0.504285,0.287398,0.415097,0.383133,0.350757,0.347651,0.571401,0.63077,0.328364,0.301203,0.547516,0.392726,0.346702,0.550781,0.360387,0.605535,0.954864,0.435513,0.606767,0.953047,0.572139,0.583804,0.569636,0.587008,0.582931,0.639612,0.419026,0.643161,0.646147,0.931991,0.92993,0.583929,0.325602,0.652655,0.511159,0.513715,1
1.0,0.465327,0.527895,0.505614,0.467968,0.411979,0.310044,0.337818,0.325848,0.309617,0.34236,0.303259,0.402943,0.2773,0.449288,0.431141,0.262667,0.261309,0.376358,0.433057,0.322315,0.389411,0.239479,0.457857,0.993806,0.243576,0.526919,0.994015,0.410961,0.352741,0.39124,0.412319,0.448826,0.577051,0.32937,0.8072185000000001,0.417085,0.945771,0.889231,0.504791,0.163755,0.357401,0.334951,0.650873,1
1.0,0.734359,0.722728,0.595945,0.457901,0.378988,0.210756,0.230588,0.553703,0.229716,0.335236,0.307662,0.285653,0.287722,0.85336,0.658175,0.310667,0.319145,0.908611,0.360405,0.290142,0.311924,0.390782,0.509974,0.989033,0.528464,0.728279,0.955678,0.340997,0.661462,0.330606,0.387243,0.397394,0.691893,0.345602,0.401317,0.378011,0.837524,0.960576,0.413229,0.56988,0.694489,0.623132,0.386533,1
0.0,0.188551,0.225905,0.205023,0.17745,0.14851,0.691822,0.728481,0.097742,0.686343,0.114856,0.093482,0.823937,0.077537,0.468284,0.31774,0.067394,0.048482,0.442183,0.862983,0.676656,0.1183,0.049098,0.312702,0.911302,0.046973,0.510159,0.871008,0.143905,0.306312,0.115657,0.170481,0.31222,0.600744,0.656474,0.125836,0.117587,0.796735,0.814922,0.186536,0.075602,0.288817,0.198719,0.129676,0
1.0,0.572984,0.665286,0.641083,0.582081,0.493191,0.244267,0.26852,0.390748,0.218157,0.390477,0.329903,0.307982,0.289854,0.462689,0.422495,0.273697,0.235541,0.416871,0.321547,0.194506,0.378409,0.226119,0.440511,0.992943,0.279413,0.537513,0.994479,0.39319,0.354651,0.377445,0.38758,0.43243,0.615136,0.176859,0.717325,0.373499,0.984439,0.961101,0.398124,0.186546,0.353379,0.27809,0.391521,1
0.0,0.237142,0.234135,0.207487,0.18276,0.154924,0.579644,0.616388,0.177812,0.5831,0.120855,0.109777,0.695012,0.095539,0.348448,0.323993,0.097939,0.096202,0.399158,0.739963,0.588218,0.109366,0.136273,0.273358,0.74411,0.096062,0.340264,0.623704,0.129738,0.375914,0.106929,0.162067,0.249741,0.369003,0.612307,0.332523,0.108419,0.51961,0.731535,0.325158,0.074297,0.326026,0.252086,0.154614,0
1.0,0.563751,0.636285,0.59897,0.536529,0.475363,0.218933,0.227914,0.374922,0.212658,0.416764,0.391652,0.24399,0.374891,0.301932,0.44465,0.408848,0.431953,0.26933,0.220534,0.227266,0.254937,0.53841,0.438067,1.0,0.269023,0.356708,0.9984,0.271903,0.39809,0.246434,0.281723,0.428374,0.445761,0.247452,0.565755,0.243979,0.996862,0.986721,0.597044,0.228313,0.301689,0.313022,0.399003,1
1.0,0.557191,0.593791,0.543836,0.477804,0.41142,0.328178,0.352975,0.46181,0.32847,0.34186,0.296913,0.420139,0.263798,0.51454,0.446349,0.246667,0.22447,0.419069,0.437845,0.34964,0.493982,0.240147,0.496255,0.964206,0.513719,0.596806,0.970693,0.523425,0.361213,0.483361,0.548469,0.499655,0.662326,0.380332,0.492655,0.494725,0.867797,0.739938,0.736519,0.486847,0.337892,0.54085,0.710723,1
1.0,0.857698,0.947233,0.896004,0.769918,0.656174,0.255822,0.302318,0.571938,0.231175,0.568739,0.483362,0.391479,0.404974,0.786286,0.846225,0.393576,0.356175,0.700144,0.468048,0.225797,0.416212,0.367401,0.8163285,1.0,0.367946,0.795004,1.0,0.40164,0.720598,0.445951,0.378997,0.748447,0.779323,0.218573,0.306282,0.486357,1.0,1.0,0.481931,0.292369,0.544248,0.544537,0.371571,1
0.0,0.297365,0.268259,0.214264,0.16921,0.126505,0.316889,0.357351,0.25832,0.311413,0.093276,0.077587,0.438618,0.063561,0.426583,0.316119,0.047394,0.033212,0.520884,0.50884,0.315264,0.086797,0.033066,0.242293,0.960093,0.169788,0.407384,0.910583,0.103144,0.39211,0.092432,0.120162,0.210649,0.403662,0.335032,0.196454,0.10187,0.747212,0.949398,0.326052,0.055823,0.359614,0.254415,0.144638,0
1.0,0.605093,0.674803,0.634111,0.572593,0.498487,0.250844,0.27857,0.412142,0.245315,0.416722,0.372727,0.340833,0.331307,0.533667,0.538598,0.31503,0.279824,0.530369,0.376427,0.230939,0.550498,0.299933,0.528424,1.0,0.243141,0.578069,0.99969,0.564931,0.483804,0.554205,0.548132,0.515965,0.633151,0.212722,0.411651,0.561668,0.981259,0.977831,0.770424,0.108434,0.16432,0.517369,0.750623,1
0.0,0.332534,0.399351,0.351917,0.276069,0.212058,0.717689,0.789674,0.166521,0.701493,0.164181,0.137107,0.931132,0.112594,0.360484,0.457156,0.103273,0.098492,0.324728,0.967311,0.710886,0.158078,0.106881,0.449815,0.941257,0.062963,0.320658,0.914452,0.180813,0.385133,0.155015,0.197408,0.398516,0.274623,0.703473,0.147771,0.160227,0.78092,0.882816,0.380989,0.047892,0.302293,0.455851,0.032419,0
0.0,0.416267,0.397363,0.33688,0.282365,0.223308,0.377956,0.418544,0.348899,0.362361,0.175304,0.151401,0.492258,0.128464,0.230954,0.411919,0.10703,0.079404,0.337353,0.515654,0.333774,0.063288,0.069806,0.336356,1.0,0.228955,0.20302,0.9984,0.078663,0.49593,0.075053,0.089364,0.274853,0.18739,0.318045,0.147619,0.096558,0.933856,0.995761,0.35756,0.078213,0.190869,0.207064,0.169576,0
0.0,0.264181,0.274697,0.241481,0.199675,0.165844,0.490578,0.514913,0.226042,0.483896,0.142518,0.134077,0.571306,0.112752,0.263678,0.17732,0.103152,0.100592,0.271717,0.567403,0.47554,0.178954,0.125918,0.149649,0.615709,0.283083,0.261918,0.597234,0.186529,0.184884,0.199361,0.203635,0.126596,0.294791,0.472254,0.402584,0.243033,0.504855,0.474812,0.30644,0.31988,0.13757,0.130409,0.381546,0
1.0,0.764263,0.801304,0.745023,0.666454,0.585751,0.085689,0.096369,0.593832,0.088318,0.504374,0.46701,0.120968,0.445164,0.451565,0.460707,0.441939,0.39645,0.485334,0.138674,0.094021,0.268196,0.354041,0.42009,0.999645,0.410875,0.474109,0.999329,0.265068,0.436545,0.291637,0.255806,0.386866,0.524868,0.087391,0.321682,0.313178,0.980326,0.987434,0.546086,0.243072,0.567578,0.426548,0.216957,1
0.0,0.076787,0.056798,0.046006,0.040823,0.026544,0.297867,0.329956,0.077005,0.295253,0.011873,0.014008,0.40474,0.016423,0.339731,0.121584,0.013212,0.01088,0.400603,0.459484,0.309534,0.095261,0.053774,0.069305,0.423639,0.0438,0.339236,0.262525,0.127377,0.167442,0.087912,0.166947,0.049448,0.334932,0.32937,0.338197,0.08477,0.175026,0.448066,0.244518,0.043675,0.109815,0.136619,0.346633,0
1.0,0.773965,0.842566,0.763783,0.676667,0.636077,0.200978,0.221673,0.53428,0.202895,0.616022,0.578102,0.271708,0.520568,0.489753,0.609387,0.526182,0.495896,0.472332,0.29954,0.225797,0.339947,0.508016,0.578727,1.0,0.315747,0.486284,1.0,0.358519,0.510299,0.347752,0.365029,0.522437,0.545232,0.219894,0.554863,0.384559,0.999915,0.997412,0.391871,0.193675,0.564763,0.430429,0.366584,1
0.0,0.130864,0.135739,0.131493,0.124151,0.114927,0.696,0.716486,0.095365,0.710246,0.100983,0.096341,0.781162,0.087406,0.251448,0.176471,0.097455,0.114717,0.227184,0.779006,0.717056,0.312488,0.132933,0.171332,0.389267,0.068998,0.279706,0.323358,0.320741,0.168937,0.348687,0.327499,0.178978,0.343352,0.712722,0.233637,0.453249,0.239305,0.263213,0.354109,0.081325,0.12329,0.194838,0.466334,0
1.0,0.707238,0.690172,0.572425,0.450995,0.346096,0.217867,0.242989,0.607094,0.228594,0.275954,0.234019,0.310121,0.204659,0.753237,0.511502,0.193576,0.18305,0.84599,0.373297,0.263112,0.356498,0.223113,0.414807,1.0,0.637467,0.674915,0.994324,0.377159,0.527409,0.376822,0.40727,0.335002,0.640591,0.298792,0.660588,0.42196,0.913377,0.995086,0.681907,0.654217,0.604787,0.685426,0.518703,1
0.0,0.067003,0.063824,0.053566,0.045204,0.033156,0.495733,0.52699,0.047886,0.485467,0.019288,0.020526,0.583369,0.021792,0.236419,0.173923,0.025333,0.026532,0.251555,0.602118,0.509035,0.134004,0.066466,0.153039,0.2918610000000001,0.033597,0.234011,0.196275,0.177333,0.186379,0.127582,0.23073,0.151191,0.265126,0.550396,0.118946,0.133523,0.178164,0.259312,0.19624,0.065763,0.205149,0.172133,0.226932,0
0.0,0.395596,0.344764,0.261809,0.20484,0.158838,0.445067,0.502107,0.345928,0.443272,0.119772,0.108405,0.611258,0.10454,0.375382,0.387679,0.104727,0.106127,0.514038,0.705525,0.469957,0.121873,0.203407,0.274856,0.903077,0.222485,0.290774,0.821062,0.153722,0.481645,0.120957,0.177886,0.226269,0.249462,0.505851,0.129179,0.13345,0.728726,0.895758,0.24464,0.110542,0.52856,0.411023,0.069825,0
0.0,0.174715,0.251491,0.240809,0.192828,0.152654,0.458489,0.480791,0.074315,0.443272,0.122938,0.110063,0.545727,0.097829,0.380912,0.321754,0.095152,0.086467,0.264996,0.541344,0.450713,0.135791,0.118237,0.342585,0.751828,0.031979,0.438533,0.746659,0.17199,0.294601,0.124932,0.212891,0.322402,0.480321,0.484522,0.168794,0.123481,0.646004,0.53843,0.170578,0.03996,0.307321,0.153309,0.142144,0
0.0,0.120501,0.117347,0.099684,0.083387,0.062759,0.372178,0.41741,0.088859,0.363708,0.042951,0.037107,0.492429,0.035215,0.420077,0.190597,0.036848,0.035121,0.426732,0.534807,0.368738,0.095637,0.056446,0.148861,0.60195,0.051764,0.439244,0.52536,0.130359,0.220017,0.08612,0.156345,0.124008,0.47523,0.376935,0.176038,0.081423,0.435955,0.535016,0.135862,0.056526,0.168946,0.103241,0.142144,0
0.0,0.038421,0.053915,0.067958,0.069634,0.058549,0.433067,0.444318,0.024521,0.433846,0.044743,0.042253,0.479168,0.036557,0.052827,0.144975,0.037939,0.041038,0.048427,0.452578,0.44513,0.12319,0.071142,0.141843,0.2918610000000001,0.005911,0.087201,0.17666649999999995,0.162172,0.154983,0.114021,0.217772,0.139282,0.13834,0.462061,0.327761,0.110893,0.040534,0.0,0.400845,0.02239,0.045656,0.110809,0.289277,0
1.0,0.551541,0.618145,0.547336,0.440318,0.349253,0.183733,0.220781,0.373702,0.160364,0.284994,0.239737,0.284627,0.196921,0.534643,0.52424,0.173697,0.148311,0.504554,0.338029,0.15014,0.298853,0.152973,0.495466,1.0,0.245878,0.539726,0.996233,0.297751,0.447674,0.331853,0.298889,0.434501,0.531525,0.154587,0.422188,0.368915,0.940386,0.976443,0.629527,0.162952,0.291231,0.588007,0.708229,1
0.0,0.138361,0.200683,0.191751,0.158794,0.136208,0.759289,0.774194,0.056956,0.779486,0.11723,0.105832,0.85234,0.082116,0.176111,0.322603,0.088,0.096774,0.139815,0.832873,0.799471,0.218544,0.114562,0.35725,0.796964,0.034343,0.157246,0.781177,0.252889,0.266777,0.197646,0.281723,0.371678,0.144801,0.799358,0.142857,0.195008,0.659105,0.584606,0.25942,0.080723,0.191472,0.332428,0.144638,0
0.0,0.22281,0.281835,0.245317,0.195787,0.161009,0.422222,0.473253,0.114694,0.408147,0.131936,0.113779,0.575327,0.099013,0.47492,0.329937,0.10897,0.110326,0.368884,0.609392,0.4228,0.153658,0.143287,0.340771,0.935469,0.065451,0.495375,0.905732,0.184417,0.283306,0.13709,0.204645,0.301864,0.493636,0.451302,0.022999,0.136797,0.803138,0.822912,0.159737,0.080522,0.400644,0.311857,0.174563,0
1.0,0.733918,0.769056,0.702909,0.615186,0.526314,0.239822,0.26001,0.617947,0.250253,0.445092,0.39737,0.309693,0.34165,0.59287,0.609696,0.310424,0.292613,0.588782,0.325875,0.2684,0.619522,0.316299,0.620673,0.999035,0.696447,0.591272,0.982715,0.641233,0.515282,0.623412,0.659879,0.604332,0.567065,0.293318,0.638197,0.653496,0.873564,0.954499,0.734043,0.675,0.567377,0.740928,0.583541,1
0.0,0.270768,0.287098,0.300143,0.304561,0.288567,0.228,0.241206,0.213218,0.216698,0.255416,0.238822,0.238173,0.211528,0.0,0.0,0.196848,0.140294,0.058665,0.193002,0.189658,0.039214,0.115899,0.0,0.903686,0.099421,0.0,0.894072,0.050081,0.0,0.046762,0.040559,0.0,0.010476,0.151755,0.154559,0.048607,0.869366,0.842042,0.102038,0.030823,0.024537,0.064623,0.0,0
1.0,0.81743,0.864037,0.783608,0.673504,0.592231,0.280444,0.29705,0.695859,0.273707,0.511456,0.440023,0.337069,0.381682,0.68909,0.560985,0.384727,0.389006,0.595628,0.356538,0.304833,0.403141,0.433868,0.550185,1.0,0.891807,0.747648,1.0,0.448117,0.46794,0.382121,0.486873,0.506817,0.793323,0.34296,0.8072185000000001,0.397584,0.993343,0.971042,0.79231,0.7362945000000001,0.541834,0.548224,0.389027,1
0.0,0.257207,0.26266,0.216756,0.166918,0.129136,0.439111,0.49303,0.191949,0.416115,0.099817,0.072441,0.587561,0.064035,0.393989,0.334028,0.065939,0.054972,0.401545,0.630018,0.401205,0.045326,0.092184,0.285264,0.913485,0.114229,0.391019,0.900985,0.056543,0.338289,0.051594,0.073376,0.243442,0.425886,0.388448,0.188045,0.063232,0.843036,0.883754,0.127903,0.055623,0.336283,0.26276,0.069825,0
1.0,0.554187,0.620329,0.5589,0.456189,0.375765,0.259378,0.299481,0.341236,0.240265,0.31224,0.261635,0.376166,0.210817,0.554421,0.519917,0.185697,0.155182,0.505747,0.434346,0.233289,0.394583,0.134937,0.500276,1.0,0.201145,0.582971,0.997214,0.396794,0.443023,0.419609,0.396668,0.460045,0.623458,0.221404,0.486322,0.465182,0.932627,0.926704,0.732053,0.122791,0.219228,0.629342,0.760598,1
1.0,0.687972,0.713322,0.67138,0.607903,0.525097,0.185511,0.21762,0.588296,0.176411,0.450342,0.417381,0.277697,0.392104,0.637044,0.572256,0.386182,0.351785,0.639972,0.320166,0.167622,0.33581,0.297261,0.508239,0.999949,0.463324,0.699897,0.998968,0.338387,0.563704,0.353986,0.333726,0.452192,0.745056,0.153643,0.315856,0.375173,0.974518,0.978094,0.426994,0.204418,0.517498,0.351834,0.451372,1
0.0,0.208836,0.206898,0.160698,0.119248,0.089566,0.395733,0.432404,0.151132,0.389182,0.065864,0.05809,0.51279,0.050059,0.34448,0.280377,0.041455,0.03493,0.382828,0.558656,0.403849,0.128926,0.05678,0.23291,0.865455,0.085734,0.300577,0.742377,0.158941,0.283056,0.116904,0.194547,0.191405,0.27335,0.420725,0.164843,0.120862,0.538817,0.760981,0.24732,0.039859,0.253017,0.347953,0.229426,0
0.0,0.494873,0.572264,0.50483,0.388934,0.295178,0.384978,0.438807,0.286094,0.34463,0.235502,0.209205,0.52297,0.175128,0.334006,0.459472,0.136485,0.112235,0.368381,0.557551,0.317467,0.07523,0.104543,0.411101,1.0,0.11678,0.244683,0.998865,0.078787,0.413704,0.09329,0.082127,0.31826,0.171823,0.318233,0.139514,0.09976,0.978546,0.994936,0.282727,0.031526,0.225664,0.313604,0.089775,0
0.0,0.262582,0.26935,0.23294,0.193988,0.163476,0.559822,0.580078,0.242837,0.575132,0.13756,0.124871,0.641372,0.108567,0.242014,0.196464,0.105697,0.1046,0.19603,0.61372,0.599824,0.261238,0.122579,0.219349,0.549858,0.365395,0.245948,0.546515,0.277868,0.164203,0.277609,0.299731,0.219883,0.270413,0.613817,0.320365,0.32955,0.473988,0.366443,0.303598,0.399799,0.169751,0.185135,0.321696,0
0.0,0.29855,0.271086,0.212108,0.171328,0.139793,0.615733,0.661939,0.285187,0.595668,0.110232,0.094797,0.741723,0.084011,0.332314,0.249575,0.07503,0.047719,0.366623,0.763075,0.590715,0.21751,0.04509,0.20831,0.713241,0.37535,0.303502,0.688613,0.238598,0.26088,0.246434,0.263379,0.178633,0.303799,0.593243,0.234904,0.319799,0.577146,0.598034,0.244559,0.406827,0.185841,0.253056,0.344139,0
0.0,0.096632,0.15749,0.160642,0.13065,0.103908,0.5064,0.535176,0.036407,0.507687,0.087985,0.07936,0.603302,0.064903,0.245853,0.242396,0.065697,0.07616,0.146976,0.575783,0.525048,0.178954,0.098196,0.278246,0.591745,0.010452,0.294252,0.587225,0.21362,0.20706,0.156964,0.254628,0.270884,0.316233,0.544168,0.300405,0.149021,0.434429,0.31464,0.369336,0.021386,0.207361,0.28333,0.236908,0
1.0,0.656689,0.699801,0.636603,0.554924,0.48283,0.199022,0.226374,0.515451,0.197172,0.399433,0.335906,0.277526,0.290722,0.591113,0.460012,0.27103,0.234968,0.545317,0.306538,0.22183,0.3817,0.230461,0.455728,0.998578,0.587258,0.646454,0.999845,0.409594,0.395598,0.381732,0.432683,0.447963,0.700509,0.230653,0.70309,0.38827,0.968243,0.90326,0.9328,0.604317,0.367056,0.477004,0.8054859999999999,1
0.0,0.135329,0.109341,0.085991,0.070156,0.048056,0.387556,0.424866,0.122983,0.373583,0.03012,0.027787,0.497647,0.020371,0.225164,0.183264,0.008848,0.001527,0.323284,0.540424,0.379903,0.126293,0.01169,0.12907,0.499645,0.080445,0.171555,0.263609,0.161302,0.239867,0.123607,0.200101,0.106317,0.155277,0.4094,0.245998,0.133159,0.138944,0.54747,0.385699,0.051807,0.12671,0.312439,0.256858,0
0.0,0.209856,0.204994,0.170694,0.13448,0.106473,0.639822,0.679202,0.19661,0.636966,0.084403,0.072899,0.753101,0.062771,0.242405,0.169832,0.060121,0.053636,0.242196,0.737937,0.630234,0.138048,0.052438,0.161239,0.587124,0.278293,0.243893,0.537021,0.155337,0.155482,0.15938,0.185964,0.132637,0.258762,0.602114,0.403698,0.198501,0.382658,0.403353,0.32727,0.309137,0.074417,0.157578,0.438902,0
1.0,0.530428,0.599194,0.550556,0.477166,0.421749,0.281867,0.28781,0.391718,0.287734,0.368814,0.328759,0.343828,0.287406,0.481426,0.40528,0.284364,0.279824,0.410339,0.368785,0.316733,0.484484,0.311623,0.442246,0.995532,0.416661,0.531821,0.989423,0.536225,0.319352,0.450783,0.576574,0.442699,0.578715,0.368252,0.440476,0.464382,0.864702,0.853483,0.67809,0.387349,0.371078,0.581991,0.698255,1
0.0,0.1915,0.181228,0.148629,0.114432,0.091244,0.703289,0.745907,0.20812,0.6933,0.076612,0.068496,0.848404,0.058429,0.267582,0.142967,0.063879,0.070815,0.219647,0.852486,0.692376,0.231522,0.089846,0.144603,0.527264,0.345735,0.280655,0.500903,0.254132,0.137874,0.260151,0.286267,0.130135,0.269238,0.6963,0.347771,0.343811,0.376341,0.343486,0.282159,0.391165,0.177997,0.200854,0.301745,0
0.0,0.175597,0.273521,0.26993,0.231881,0.209822,0.703022,0.706679,0.094176,0.723039,0.189552,0.177416,0.719394,0.161074,0.296077,0.270804,0.161576,0.171979,0.223541,0.626151,0.729543,0.28249,0.228791,0.341481,0.736545,0.050831,0.344849,0.702389,0.327948,0.235963,0.260697,0.364019,0.388851,0.366947,0.732729,0.337234,0.23612,0.564215,0.472936,0.441246,0.057831,0.229686,0.450999,0.27182,0
1.0,0.733807,0.785124,0.744071,0.685835,0.632623,0.198578,0.20757,0.545227,0.208843,0.559073,0.501944,0.242621,0.46593,0.465357,0.523776,0.463758,0.43787,0.457509,0.250829,0.224769,0.289073,0.508016,0.506899,1.0,0.387295,0.493162,1.0,0.298621,0.444186,0.293196,0.30478,0.476441,0.574016,0.232163,0.617275,0.311431,0.997753,0.99051,0.538493,0.264157,0.595133,0.451193,0.341646,1
0.0,0.243068,0.289617,0.265478,0.225295,0.192915,0.4288,0.469687,0.136213,0.404893,0.163931,0.158719,0.558046,0.157205,0.517403,0.328238,0.171636,0.195075,0.438038,0.606169,0.403702,0.086797,0.242151,0.294173,0.95918,0.074722,0.564867,0.950725,0.105505,0.307475,0.083236,0.11831,0.242924,0.592912,0.418837,0.272391,0.084916,0.879966,0.879028,0.162336,0.070683,0.403661,0.197167,0.052369,0
1.0,0.656965,0.712398,0.651219,0.562235,0.494277,0.272533,0.29243,0.525491,0.278532,0.43047,0.367238,0.357772,0.323964,0.744259,0.500077,0.328121,0.331743,0.653225,0.406446,0.313501,0.555012,0.340681,0.520776,1.0,0.58085,0.798166,0.99773,0.578601,0.4049,0.565038,0.603669,0.509665,0.855297,0.343148,0.465299,0.615586,0.940131,0.936944,0.674314,0.562249,0.598753,0.542985,0.486285,1
0.0,0.113803,0.17854,0.18027,0.153136,0.131176,0.506578,0.533231,0.053046,0.515991,0.113773,0.105374,0.605099,0.098302,0.289701,0.277752,0.106545,0.119488,0.185227,0.573665,0.534303,0.124882,0.179693,0.320587,0.781377,0.035899,0.362479,0.805273,0.169753,0.261545,0.108643,0.215752,0.3029,0.437537,0.570781,0.282472,0.111402,0.69417,0.527139,0.166193,0.053514,0.413113,0.150592,0.159601,0
0.0,0.415854,0.50634,0.513622,0.467968,0.392639,0.9810665000000001,1.0,0.264513,0.9668935000000001,0.320947,0.283305,1.0,0.249112,0.3113,0.359348,0.225818,0.193739,0.341185,0.902578,0.9347744999999998,0.382829,0.197729,0.390129,0.997208,0.136004,0.33473,0.983489,0.405244,0.309136,0.392097,0.432346,0.438126,0.322401,0.9204429999999999,0.173506,0.397875,0.922196,0.963202,0.955214,0.061747,0.182422,0.513875,0.224438,0
0.0,0.120087,0.175881,0.170442,0.141357,0.117591,0.6392,0.65043,0.05533,0.644597,0.100192,0.089823,0.710411,0.076905,0.384816,0.209665,0.083758,0.087994,0.245839,0.672192,0.647569,0.146981,0.089846,0.233462,0.703696,0.03285,0.473476,0.729529,0.180564,0.198339,0.129062,0.200942,0.231101,0.523301,0.653643,0.285816,0.130175,0.625228,0.449042,0.212604,0.055522,0.193685,0.153115,0.194514,0
0.0,0.205805,0.276377,0.255705,0.205449,0.158246,0.605689,0.636327,0.095271,0.60588,0.118147,0.09434,0.70314,0.072404,0.214885,0.412845,0.058424,0.038175,0.177627,0.671639,0.606435,0.086515,0.011356,0.431049,0.98157,0.023953,0.2265,0.9887,0.106499,0.359053,0.089003,0.123696,0.409907,0.250245,0.586448,0.164843,0.092556,0.916388,0.795079,0.455173,0.015663,0.09996,0.291481,0.197008,0
1.0,0.748525,0.808107,0.755915,0.694278,0.668772,0.242844,0.249311,0.583511,0.246325,0.633269,0.594454,0.28283,0.569522,0.506603,0.53937,0.594061,0.574536,0.446392,0.295396,0.263993,0.4306,0.6237474999999999,0.554049,0.996649,0.498787,0.575461,0.997575,0.453585,0.46686,0.42787,0.461461,0.544184,0.653711,0.292752,0.623404,0.45274,0.988594,0.954349,0.613001,0.411847,0.634956,0.473122,0.374065,1
0.0,0.230776,0.202643,0.158682,0.128532,0.099697,0.310311,0.352812,0.200394,0.287959,0.068072,0.055117,0.42818,0.040189,0.259385,0.267331,0.02303,0.004963,0.33817,0.472099,0.272514,0.051063,0.003674,0.184026,0.863678,0.108194,0.244446,0.741035,0.060892,0.319186,0.061648,0.077247,0.126338,0.243,0.265006,0.393009,0.076985,0.62315,0.826663,0.216014,0.022189,0.172969,0.174462,0.201995,0
0.0,0.074555,0.104107,0.106152,0.091946,0.075225,0.584,0.594505,0.034343,0.5978,0.05899,0.050486,0.632389,0.041611,0.178713,0.169446,0.042061,0.038748,0.183531,0.59733,0.598795,0.121685,0.042418,0.179059,0.587023,0.006782,0.146652,0.560291,0.161302,0.15299,0.111449,0.213901,0.189938,0.144605,0.588146,0.326444,0.108637,0.442103,0.403841,0.266648,0.027309,0.168343,0.20163,0.177057,0
1.0,0.573976,0.559248,0.499566,0.437446,0.375304,0.243644,0.26082,0.512136,0.243744,0.321405,0.291252,0.30687,0.25306,0.411554,0.441871,0.23903,0.219889,0.487469,0.357274,0.251359,0.288979,0.242151,0.374517,0.964764,0.459528,0.423907,0.922553,0.324593,0.492691,0.293898,0.346685,0.329047,0.450069,0.288411,0.700963,0.314997,0.829595,0.943996,0.619336,0.262952,0.484513,0.418785,0.605986,1
0.0,0.316989,0.340845,0.316663,0.269338,0.227485,0.542489,0.555114,0.276711,0.546852,0.195134,0.177644,0.592181,0.157126,0.2035,0.277443,0.156121,0.148311,0.175617,0.559853,0.569708,0.254185,0.160989,0.279666,0.697248,0.358987,0.264211,0.746659,0.278116,0.263123,0.281428,0.306294,0.280117,0.349129,0.59664,0.288703,0.354217,0.735764,0.529502,0.230835,0.374498,0.221239,0.126916,0.229426,0
0.0,0.138416,0.153599,0.138605,0.115679,0.088777,0.510844,0.537851,0.085418,0.507463,0.066614,0.061578,0.596544,0.059455,0.315985,0.212984,0.051394,0.045619,0.316626,0.60709,0.522844,0.131559,0.07181,0.194118,0.73883,0.045293,0.325559,0.692586,0.15832,0.219186,0.112618,0.181252,0.202019,0.374486,0.538694,0.255674,0.106818,0.583422,0.620053,0.138298,0.065462,0.19107,0.153309,0.144638,0
0.0,0.260322,0.32041,0.292331,0.240324,0.192422,0.481333,0.505349,0.14006,0.493098,0.156641,0.140309,0.577209,0.127754,0.37317,0.37417,0.131394,0.135904,0.337165,0.588858,0.51829,0.194659,0.195391,0.369156,0.851036,0.079512,0.388647,0.810072,0.236237,0.327907,0.176604,0.278694,0.331809,0.412179,0.544168,0.269301,0.185767,0.675896,0.694925,0.51072,0.071386,0.414521,0.429459,0.157108,0
0.0,0.341381,0.348319,0.307703,0.269309,0.227123,0.342756,0.370644,0.264044,0.326226,0.186302,0.168611,0.425614,0.13557,0.205387,0.428748,0.104848,0.082268,0.258024,0.436372,0.313942,0.162404,0.090514,0.383111,0.893887,0.142039,0.176061,0.889583,0.154965,0.425914,0.18354,0.150959,0.344667,0.187684,0.311438,0.089412,0.216256,0.834005,0.830489,0.200706,0.078614,0.160298,0.220842,0.152119,0
1.0,0.657213,0.702461,0.653376,0.589973,0.525163,0.197511,0.239504,0.506631,0.188419,0.454799,0.404174,0.318505,0.358231,0.721163,0.626447,0.336,0.315709,0.705797,0.381676,0.193771,0.40126,0.298931,0.549791,1.0,0.320413,0.778006,0.999484,0.413695,0.627741,0.413764,0.405924,0.495426,0.8832,0.180823,0.446606,0.446846,0.97668,0.987546,0.528057,0.156024,0.49457,0.411993,0.518703,1
0.0,0.0,0.0,0.0,0.0,0.0,0.457689,0.453315,0.0,0.466165,0.0,0.002459,0.482505,0.0,0.19231,0.095337,0.000242,0.0,0.153131,0.46768,0.472749,0.074384,0.021042,0.086651,0.2918610000000001,0.0,0.224682,0.195294,0.114328,0.115282,0.057127,0.154998,0.083448,0.304484,0.475462,0.318034,0.061049,0.185711,0.112157,0.2204,0.02761,0.106999,0.035513,0.199502,0
1.0,0.899454,0.879769,0.764568,0.644287,0.542037,0.071111,0.092965,0.841924,0.076871,0.446509,0.392338,0.135341,0.365969,0.699304,0.531959,0.343758,0.343195,0.803907,0.178821,0.10783,0.267726,0.377421,0.414176,1.0,0.889317,0.573563,0.999329,0.28172,0.546096,0.277765,0.286772,0.334052,0.472097,0.132692,0.256636,0.30772,0.992283,0.999475,0.189378,0.7362945000000001,0.610619,0.552106,0.104738,1
0.0,0.121961,0.111861,0.105704,0.094963,0.069634,0.426222,0.460123,0.109658,0.41892,0.049117,0.052659,0.536573,0.053296,0.285993,0.171607,0.049455,0.048673,0.37975,0.604604,0.443514,0.116889,0.079826,0.129859,0.480707,0.06682,0.247529,0.352252,0.155337,0.202492,0.101707,0.186806,0.120469,0.250538,0.47131,0.275988,0.101142,0.30371,0.532691,0.251178,0.055221,0.310338,0.247623,0.201995,0
0.0,0.103026,0.143241,0.142385,0.114461,0.081804,0.458933,0.477144,0.051827,0.441028,0.060782,0.049914,0.524082,0.03561,0.300046,0.251119,0.028242,0.024814,0.234031,0.50709,0.413839,0.012225,0.040748,0.238587,0.959281,0.022522,0.354811,0.952324,0.034796,0.237458,0.003039,0.052339,0.203055,0.428823,0.39581,0.121429,0.0,0.87827,0.7812,0.132167,0.035643,0.156275,0.111197,0.034913,0
1.0,0.737583,0.729194,0.662644,0.60358,0.559799,0.275111,0.302156,0.719724,0.275951,0.531161,0.556089,0.350158,0.590762,0.668922,0.622665,0.545333,0.548387,0.687834,0.381768,0.312913,0.654975,0.563794,0.608058,0.994923,0.836807,0.699581,0.97028,0.659998,0.58289,0.658016,0.666442,0.594581,0.699922,0.348622,0.733688,0.676344,0.881789,0.971117,0.786138,0.716867,0.611424,0.710848,0.523691,1
0.0,0.313434,0.387593,0.381794,0.332618,0.277548,0.954133,0.94521,0.243838,0.9668935000000001,0.231753,0.202744,0.976901,0.174734,0.222497,0.287402,0.16303,0.145066,0.179574,0.881768,0.9347744999999998,0.318225,0.148631,0.363006,0.900894,0.330057,0.243418,0.908673,0.341742,0.201744,0.324059,0.373275,0.428547,0.24672,0.9204429999999999,0.157953,0.352616,0.817299,0.63547,0.594161,0.355623,0.063154,0.392005,0.309226,0
0.0,0.196461,0.202755,0.16739,0.1489,0.142491,0.531644,0.548225,0.129676,0.54775,0.124063,0.105946,0.626486,0.086775,0.44031,0.288868,0.086545,0.080168,0.427737,0.659024,0.572352,0.152624,0.112559,0.271072,0.791379,0.078828,0.445727,0.73701,0.184292,0.290033,0.136155,0.21003,0.275975,0.518015,0.584371,0.281206,0.138179,0.624083,0.656889,0.138298,0.088755,0.328439,0.138366,0.142144,0
1.0,0.66821,0.63928,0.571137,0.49707,0.402276,0.148622,0.172718,0.629394,0.152284,0.325612,0.293082,0.220378,0.257086,0.560081,0.476455,0.232121,0.215117,0.623076,0.258011,0.181725,0.336092,0.226787,0.399038,0.999238,0.638027,0.591272,0.984366,0.363862,0.54402,0.349544,0.392292,0.345961,0.612101,0.209324,0.559068,0.385578,0.887259,0.981582,0.608454,0.501807,0.441472,0.440908,0.645886,1
0.0,0.306185,0.36226,0.3254,0.260286,0.207421,0.511911,0.543848,0.168397,0.495118,0.165139,0.133333,0.614595,0.110067,0.23759,0.465493,0.100485,0.081122,0.229508,0.610589,0.484207,0.091217,0.094856,0.450524,0.979742,0.062589,0.225156,0.983231,0.115198,0.406395,0.088691,0.136823,0.414308,0.23409,0.486787,0.240932,0.086881,0.934959,0.902509,0.448758,0.04749,0.176187,0.353386,0.162095,0
1.0,0.903313,0.853064,0.719066,0.583212,0.477929,0.178311,0.182363,0.883898,0.21221,0.403599,0.370097,0.231414,0.34473,0.821547,0.721553,0.341576,0.32907,0.9248775,0.295672,0.259292,0.371638,0.390448,0.574706,1.0,0.891807,0.710096,1.0,0.402635,0.7904905,0.396228,0.438741,0.509579,0.673585,0.32937,0.206383,0.437968,0.979775,1.0,0.408844,0.7362945000000001,0.765889,0.598486,0.187032,1
0.0,0.352682,0.36156,0.349397,0.341583,0.329288,0.224711,0.257983,0.27987,0.208394,0.310365,0.280332,0.305758,0.2394,0.374732,0.244789,0.248727,0.203474,0.403053,0.329926,0.197444,0.244593,0.183701,0.215249,0.98091,0.158091,0.395288,0.97028,0.238847,0.24211,0.282129,0.203467,0.182603,0.42569,0.179124,0.285005,0.366368,0.92084,0.942308,0.248092,0.101004,0.213797,0.156026,0.104738,0
0.0,0.100243,0.092126,0.068826,0.052051,0.044701,0.491733,0.535581,0.089266,0.467063,0.034661,0.033105,0.62546,0.03332,0.355214,0.160877,0.021939,0.020615,0.322028,0.665378,0.456883,0.145571,0.02672,0.143893,0.569862,0.090898,0.34651,0.498323,0.159687,0.168023,0.17107,0.185628,0.134708,0.343548,0.470932,0.250659,0.233428,0.382489,0.46052,0.0,0.108635,0.143403,0.026975,0.114714,0
1.0,0.225291,0.235087,0.191583,0.139065,0.104434,0.2288,0.261631,0.215251,0.2112,0.082778,0.073299,0.322697,0.064272,0.557869,0.199861,0.071515,0.07635,0.41574,0.352394,0.209784,0.137766,0.107548,0.188362,0.685469,0.352766,0.612064,0.697023,0.171617,0.179153,0.122828,0.235106,0.144719,0.644605,0.219517,0.454154,0.12239,0.503328,0.336584,0.364138,0.378916,0.06959,0.169804,0.57606,1
1.0,0.803429,0.845842,0.807409,0.761127,0.708276,0.133511,0.155779,0.625485,0.120974,0.654016,0.643796,0.194114,0.604974,0.575304,0.590242,0.6170925,0.574536,0.59299,0.208379,0.106802,0.326782,0.6237474999999999,0.559568,1.0,0.418839,0.61744,1.0,0.322978,0.552658,0.348375,0.304948,0.52796,0.69111,0.088713,0.43926,0.365932,0.999025,0.995461,0.312815,0.202912,0.493363,0.314768,0.291771,1
1.0,0.583071,0.680262,0.640243,0.560001,0.498849,0.317778,0.339115,0.399412,0.319381,0.436761,0.393368,0.397382,0.35681,0.490014,0.545314,0.348848,0.357511,0.422084,0.414733,0.327016,0.408689,0.405812,0.575416,0.986545,0.303553,0.560519,0.991487,0.431714,0.461213,0.411425,0.45069,0.560839,0.647249,0.319366,0.636879,0.428364,0.968539,0.897521,0.589654,0.209237,0.448109,0.612265,0.53616,1
0.0,0.116366,0.135207,0.119648,0.10181,0.089764,0.552889,0.581861,0.073658,0.540343,0.072488,0.055861,0.643425,0.038216,0.151389,0.305697,0.028121,0.011262,0.162992,0.654052,0.525195,0.016081,0.00167,0.27801,0.842608,0.045729,0.145387,0.796863,0.03318,0.305648,0.015353,0.054191,0.259751,0.182788,0.493394,0.202026,0.012952,0.684715,0.730222,0.256821,0.057329,0.156074,0.211139,0.197008,0
0.0,0.107354,0.13767,0.138829,0.124587,0.105684,0.660711,0.6852,0.06684,0.668612,0.08811,0.080618,0.765592,0.070351,0.353067,0.267022,0.074424,0.07845,0.246593,0.764273,0.658146,0.168986,0.108216,0.271781,0.684961,0.042431,0.450154,0.686961,0.220579,0.268356,0.152755,0.279199,0.258716,0.520658,0.657984,0.195339,0.151423,0.553911,0.437863,0.312774,0.054217,0.307321,0.180866,0.204489,0
1.0,0.802877,0.888727,0.88094,0.868914,0.863364,0.379111,0.387826,0.535844,0.392212,0.787995,0.7080040000000001,0.435965,0.6202915,0.627675,0.75027,0.6170925,0.574536,0.536964,0.450737,0.407522,0.7131375000000001,0.6237474999999999,0.811716,1.0,0.347788,0.760139,1.0,0.67466,0.59402,0.7606195,0.6896655,0.7757175000000001,0.895144,0.421669,0.450608,0.771738,1.0,0.998687,0.578813,0.281125,0.785298,0.592276,0.548628,1
0.0,0.132518,0.160849,0.133733,0.102652,0.088711,0.637156,0.6651,0.074409,0.636853,0.078487,0.06964,0.750021,0.061113,0.386377,0.25467,0.064606,0.070624,0.30777,0.76989,0.645512,0.15742,0.09018,0.265631,0.815749,0.040876,0.383667,0.793148,0.192618,0.214203,0.151976,0.251935,0.256213,0.386724,0.6661,0.431408,0.166849,0.61149,0.571252,0.375183,0.041265,0.450523,0.322337,0.269326,0
0.0,0.249325,0.294684,0.294487,0.28016,0.259161,0.38,0.40047,0.160328,0.369431,0.236544,0.216524,0.437591,0.187209,0.245007,0.272271,0.171152,0.166062,0.204259,0.411786,0.34582,0.032913,0.164997,0.265947,0.945167,0.082312,0.308799,0.963057,0.043867,0.255316,0.021277,0.035678,0.253279,0.42148,0.305964,0.337082,0.012079,0.941912,0.847519,0.204442,0.058635,0.208568,0.138172,0.027431,0
0.0,0.094262,0.10573,0.087363,0.070011,0.062529,0.572,0.599935,0.050888,0.573449,0.055657,0.051744,0.660279,0.037268,0.18034,0.233055,0.040485,0.043138,0.170969,0.656262,0.582782,0.063194,0.06012,0.212805,0.528026,0.026255,0.155744,0.464991,0.104014,0.21794,0.0491,0.143386,0.1971,0.15792,0.599283,0.194174,0.045332,0.374348,0.416632,0.139435,0.051807,0.146219,0.16961,0.21197,0
1.0,0.535031,0.561459,0.491782,0.416352,0.345471,0.2848,0.324526,0.379019,0.272472,0.281536,0.240023,0.412952,0.200316,0.59339,0.530801,0.177697,0.142775,0.576534,0.477348,0.281181,0.288038,0.132933,0.495624,0.984565,0.278106,0.646059,0.976111,0.310302,0.500581,0.287585,0.322282,0.46505,0.714803,0.284069,0.480851,0.296005,0.931948,0.945572,0.416802,0.216365,0.388576,0.313022,0.556109,1
0.0,0.254782,0.25331,0.243021,0.226716,0.196106,0.527467,0.59102,0.239147,0.504657,0.159182,0.148313,0.69852,0.139282,0.363737,0.297437,0.096,0.073296,0.423968,0.760866,0.482885,0.253903,0.078824,0.236537,0.7829,0.161451,0.372203,0.646406,0.246303,0.355482,0.294365,0.246213,0.198826,0.357744,0.466402,0.298278,0.346067,0.534747,0.757005,0.336243,0.074096,0.132542,0.163012,0.36409,0
1.0,0.5702,0.558408,0.454204,0.348633,0.263272,0.226667,0.250527,0.464438,0.232409,0.207049,0.18462,0.313457,0.160679,0.500358,0.429134,0.142909,0.123115,0.58539,0.371271,0.267372,0.310137,0.151303,0.345423,0.988779,0.478691,0.445015,0.937,0.345222,0.45789,0.315876,0.406429,0.285813,0.398081,0.308418,0.261348,0.341628,0.764384,0.965453,0.867915,0.48012,0.337289,0.609354,0.546135,1
1.0,0.505568,0.549898,0.512166,0.454448,0.384448,0.242667,0.260577,0.39888,0.239704,0.319197,0.284734,0.30379,0.259376,0.481361,0.353404,0.246788,0.221035,0.480749,0.324033,0.262671,0.503856,0.234135,0.328313,0.990506,0.442792,0.489446,0.935349,0.54132,0.313621,0.492012,0.59273,0.298671,0.477286,0.287089,0.543009,0.484829,0.764342,0.892344,0.898774,0.429016,0.286203,0.722492,0.8054859999999999,1
0.0,0.280993,0.330095,0.325204,0.286282,0.240182,0.564356,0.558113,0.204961,0.573673,0.1978,0.170497,0.574301,0.142677,0.20298,0.197545,0.116242,0.072724,0.189749,0.514917,0.557661,0.145947,0.046426,0.217772,0.941003,0.159273,0.227923,0.968319,0.145023,0.163953,0.179098,0.13312,0.220659,0.275602,0.509815,0.373455,0.233355,0.936188,0.760494,0.332102,0.148896,0.064964,0.215214,0.249377,0
1.0,0.581335,0.68113,0.62081,0.523705,0.454773,0.280622,0.301589,0.445358,0.276624,0.38177,0.330875,0.357088,0.291591,0.420988,0.48402,0.285455,0.268372,0.428553,0.377532,0.301454,0.597235,0.278891,0.494599,0.958316,0.504386,0.372915,0.92828,0.65366,0.389784,0.565895,0.6896655,0.493183,0.360779,0.3339,0.315248,0.55963,0.80513,0.785176,0.69559,0.531325,0.260257,0.703668,0.8054859999999999,1
1.0,0.782509,0.82146,0.804273,0.782336,0.756167,0.148178,0.166072,0.736676,0.146448,0.696842,0.657747,0.197622,0.6202915,0.506733,0.603597,0.611879,0.574536,0.544564,0.19825,0.161011,0.532537,0.617568,0.574549,0.999594,0.62689,0.541149,0.997369,0.54803,0.595266,0.541501,0.547627,0.552641,0.588898,0.178558,0.489514,0.565597,0.964808,0.984658,0.548684,0.281125,0.439059,0.416456,0.36409,1
0.0,0.243454,0.231224,0.185227,0.149481,0.126768,0.747733,0.767466,0.223227,0.758052,0.104441,0.091652,0.835401,0.081721,0.278511,0.186815,0.082667,0.071388,0.307016,0.857643,0.757602,0.198984,0.085504,0.158007,0.722634,0.315374,0.257016,0.689644,0.212626,0.1799,0.226093,0.231404,0.141612,0.299785,0.739902,0.288804,0.299425,0.571423,0.569414,0.302826,0.371687,0.131336,0.180089,0.339152,0
0.0,0.221818,0.278308,0.259429,0.217925,0.168574,0.554489,0.595477,0.126392,0.536752,0.12802,0.110349,0.657199,0.095539,0.184243,0.239385,0.080727,0.066997,0.205954,0.623941,0.517996,0.227196,0.092852,0.230781,0.706184,0.077832,0.164756,0.645839,0.241705,0.209302,0.261164,0.255133,0.202192,0.150284,0.515855,0.29154,0.314196,0.536739,0.626768,0.514618,0.081928,0.0,0.340966,0.32419,0
1.0,0.528968,0.526719,0.491138,0.431875,0.354187,0.147733,0.158454,0.513262,0.15969,0.28791,0.263579,0.192403,0.225661,0.371088,0.319438,0.203758,0.186486,0.440864,0.20884,0.190098,0.365526,0.206747,0.281479,0.918207,0.576246,0.350383,0.81487,0.404126,0.345515,0.368794,0.4448,0.252071,0.313491,0.219328,0.624975,0.386742,0.655162,0.867062,0.677684,0.454618,0.339501,0.467689,0.603491,1
0.0,0.208671,0.207709,0.178898,0.15302,0.126571,0.353956,0.379559,0.146722,0.341712,0.096317,0.080846,0.424929,0.067114,0.270314,0.333642,0.047636,0.02405,0.29772,0.446317,0.343029,0.058962,0.003674,0.292675,0.867994,0.066509,0.285319,0.806047,0.076426,0.365116,0.057127,0.078088,0.264153,0.335716,0.326161,0.359068,0.064542,0.683316,0.755317,0.20968,0.035743,0.167337,0.087522,0.157108,0
0.0,0.208037,0.250399,0.237029,0.207538,0.176403,0.552889,0.572621,0.114944,0.533498,0.146017,0.119726,0.609633,0.092302,0.193416,0.298595,0.073818,0.048864,0.181961,0.598435,0.506684,0.039684,0.039078,0.292202,0.853981,0.048404,0.217013,0.861101,0.058034,0.2701,0.045203,0.075395,0.28193,0.27198,0.479804,0.165299,0.04817,0.789697,0.700439,0.179105,0.058835,0.046661,0.133514,0.157108,0
0.0,0.280222,0.359152,0.376474,0.366535,0.33807,0.357778,0.344707,0.161548,0.355852,0.292368,0.25243,0.358286,0.217765,0.171036,0.284159,0.194909,0.152128,0.161673,0.330018,0.341854,0.182434,0.128257,0.293779,0.971872,0.067816,0.231797,0.968681,0.205045,0.249336,0.174265,0.213901,0.29824,0.315254,0.322008,0.436981,0.168886,0.939707,0.862973,0.416558,0.029217,0.131939,0.222007,0.152119,0
0.0,0.123036,0.143017,0.129981,0.10802,0.090586,0.570222,0.614281,0.077255,0.566042,0.075321,0.067238,0.708016,0.057086,0.360549,0.271654,0.059273,0.063562,0.315998,0.723757,0.594535,0.156197,0.075818,0.270756,0.778026,0.04884,0.368725,0.706568,0.195352,0.2451,0.137947,0.241838,0.256127,0.372822,0.63137,0.321479,0.137961,0.48692,0.582392,0.168589,0.051707,0.390386,0.24607,0.134663,0
1.0,0.820131,0.832573,0.78778,0.753148,0.701072,0.215467,0.237397,0.715783,0.213781,0.645392,0.641395,0.301908,0.6202915,0.780561,0.66134,0.615758,0.479481,0.832988,0.354604,0.215954,0.679519,0.464262,0.624143,0.941765,0.601443,0.809155,0.933337,0.67466,0.648505,0.702517,0.671155,0.595271,0.840807,0.244432,0.432624,0.758131,0.920076,0.942233,0.514252,0.248896,0.498793,0.463807,0.551122,1
0.0,0.021223,0.044733,0.056534,0.056229,0.050852,0.579911,0.582671,0.010947,0.607788,0.045784,0.043396,0.63718,0.038058,0.025437,0.194998,0.041818,0.053636,0.0,0.597882,0.631115,0.126199,0.079158,0.218639,0.294171,0.010577,0.026959,0.300913,0.172859,0.178987,0.101473,0.230562,0.217984,0.026141,0.64949,0.309929,0.091538,0.251261,0.134101,0.303922,0.031727,0.239541,0.203571,0.206983,0
1.0,0.796952,0.809227,0.745975,0.667876,0.596507,0.1032,0.118253,0.69564,0.097071,0.543576,0.495426,0.144837,0.443585,0.509986,0.511348,0.392,0.314373,0.599146,0.158103,0.102248,0.442449,0.375418,0.467949,0.997614,0.54632,0.476164,0.989423,0.435939,0.496179,0.473774,0.414002,0.424318,0.489524,0.100226,0.641996,0.525504,0.941446,0.984283,0.511491,0.262249,0.395817,0.519115,0.451372,1
0.0,0.175872,0.230524,0.214768,0.183079,0.154496,0.564089,0.591101,0.088578,0.55482,0.127145,0.106346,0.668834,0.086617,0.387938,0.31828,0.081818,0.071197,0.27046,0.672376,0.550903,0.145665,0.067134,0.347473,0.912571,0.038698,0.48154,0.940096,0.173854,0.276993,0.136155,0.206664,0.326113,0.572841,0.563986,0.351824,0.141672,0.846725,0.704715,0.30575,0.037249,0.291834,0.195808,0.201995,0
0.0,0.229342,0.253226,0.246969,0.224714,0.192158,0.355822,0.372832,0.182441,0.363147,0.161973,0.150257,0.422106,0.133675,0.33947,0.306855,0.13103,0.146593,0.337353,0.436372,0.372851,0.116513,0.275885,0.280375,0.887998,0.144839,0.386671,0.863268,0.14378,0.327409,0.110981,0.169135,0.261218,0.433425,0.38977,0.161094,0.104853,0.80759,0.810233,0.234124,0.087851,0.391191,0.248787,0.104738,0
0.0,0.181881,0.222854,0.219388,0.196513,0.170384,0.676178,0.693224,0.145283,0.677141,0.145476,0.138079,0.750278,0.126017,0.216512,0.176857,0.122667,0.116053,0.241002,0.74337,0.674159,0.24779,0.131597,0.179059,0.643684,0.190008,0.18539,0.526701,0.26718,0.169601,0.255787,0.288623,0.170003,0.157235,0.670253,0.233131,0.287419,0.374179,0.461833,0.419563,0.235341,0.043443,0.317679,0.468828,0
0.0,0.077862,0.108781,0.102008,0.083445,0.071706,0.499733,0.526017,0.039034,0.511503,0.062906,0.054831,0.610488,0.046427,0.345651,0.239,0.059758,0.075205,0.250236,0.624678,0.539445,0.117077,0.100201,0.247891,0.793918,0.02694,0.402166,0.794438,0.138934,0.216777,0.103811,0.16964,0.225664,0.459076,0.569083,0.257649,0.109292,0.686241,0.564762,0.168873,0.054317,0.292236,0.159131,0.152119,0
0.0,0.269665,0.256473,0.221544,0.194365,0.1741,0.353778,0.381504,0.262574,0.350578,0.146434,0.12813,0.435965,0.1227,0.241299,0.259997,0.132849,0.127696,0.291251,0.467956,0.375349,0.233214,0.161323,0.225893,0.605758,0.321906,0.183967,0.506785,0.254878,0.255066,0.249708,0.296533,0.190715,0.124633,0.39732,0.102786,0.286255,0.331821,0.521512,0.345217,0.331526,0.186645,0.273627,0.294264,0
0.0,0.384075,0.380959,0.332288,0.283323,0.240741,0.703822,0.73302,0.369448,0.699248,0.206382,0.186164,0.820515,0.163522,0.326654,0.297823,0.163273,0.171598,0.304064,0.808656,0.714852,0.314087,0.214429,0.317039,0.74274,0.532383,0.324373,0.718745,0.339754,0.263621,0.342218,0.371087,0.320331,0.333072,0.763873,0.360132,0.42458,0.611066,0.581717,0.350536,0.591566,0.386163,0.348147,0.281796,0
0.0,0.102365,0.124514,0.12102,0.113068,0.104171,0.512711,0.539634,0.068591,0.526316,0.093651,0.089022,0.599452,0.084485,0.314423,0.328084,0.091879,0.100592,0.270837,0.596317,0.553401,0.083036,0.147629,0.309785,0.856621,0.074535,0.372757,0.828595,0.115198,0.348256,0.081755,0.157354,0.308854,0.479538,0.57399,0.320415,0.093648,0.74912,0.703215,0.235423,0.133233,0.276549,0.117601,0.177057,0
0.0,0.24949,0.243988,0.21404,0.189259,0.170416,0.594933,0.623521,0.233579,0.588823,0.14281,0.129503,0.699033,0.113699,0.224839,0.219546,0.095273,0.077305,0.229759,0.706814,0.593654,0.255219,0.079492,0.20082,0.671558,0.281528,0.218515,0.590372,0.263576,0.22093,0.275972,0.279367,0.163359,0.22009,0.567195,0.339767,0.346576,0.399788,0.457256,0.475962,0.28243,0.100764,0.282748,0.369077,0
1.0,0.61226,0.631918,0.523843,0.39259,0.303138,0.283644,0.321284,0.449206,0.266973,0.242543,0.211721,0.408846,0.178208,0.691887,0.543693,0.167879,0.153273,0.680925,0.479742,0.292052,0.389693,0.181697,0.48159,0.993958,0.470914,0.634596,0.987307,0.3958,0.459552,0.424908,0.423595,0.39679,0.598296,0.344847,0.71692,0.484101,0.901208,0.97318,0.736804,0.493574,0.518504,0.725403,0.573566,1
